artist_name,track_name,album_name,release_date,explicit,popularity,track_id,duration_ms,album_artwork_url,danceability,energy,valence,tempo,loudness,speechiness,acousticness,instrumentalness,liveness,is_album_track,is_feature,release_year,duration_min
Kendrick Lamar,wacced out murals,GNX,2024-11-22,True,81,5gOfC9UzZQzTyShqPMrpjT,317092,https://i.scdn.co/image/ab67616d00001e02d9985092cd88bffd97653b58,0.761,0.501,0.502,81.998,-10.759,0.459,0.249,0.0,0.136,True,False,2024,5.284866666666667
Kendrick Lamar,squabble up,GNX,2024-11-22,True,81,0nj9Bq5sHDiTxSHunhgkFb,157992,https://i.scdn.co/image/ab67616d00001e02d9985092cd88bffd97653b58,0.874,0.672,0.711,103.921,-5.568,0.198,0.0206,0.0,0.0783,True,False,2024,2.6332
Kendrick Lamar,luther (with sza),GNX,2024-11-22,False,81,45J4avUb9Ni0bnETYaYFVJ,177598,https://i.scdn.co/image/ab67616d00001e02d9985092cd88bffd97653b58,0.707,0.575,0.576,138.008,-7.546,0.125,0.251,0.0,0.248,True,False,2024,2.959966666666667
Kendrick Lamar,man at the garden,GNX,2024-11-22,True,79,5ho7VSXSmI2KM2nDjcnLyz,233173,https://i.scdn.co/image/ab67616d00001e02d9985092cd88bffd97653b58,0.817,0.348,0.634,91.997,-10.213,0.29,0.51,0.000119,0.11,True,False,2024,3.886216666666667
Kendrick Lamar,hey now (feat. dody6),GNX,2024-11-22,True,79,5S8VwnB4sLi6W0lYTWYylu,217478,https://i.scdn.co/image/ab67616d00001e02d9985092cd88bffd97653b58,0.806,0.358,0.188,102.011,-8.769,0.117,0.00443,0.00162,0.412,True,False,2024,3.624633333333333
Kendrick Lamar,reincarnated,GNX,2024-11-22,True,79,0RgjEkSbeuStKfT2Pa4Zai,275740,https://i.scdn.co/image/ab67616d00001e02d9985092cd88bffd97653b58,0.846,0.779,0.748,91.118,-5.363,0.254,0.0534,0.0,0.299,True,False,2024,4.595666666666666
Kendrick Lamar,tv off (feat. lefty gunplay),GNX,2024-11-22,True,80,0aB0v4027ukVziUGwVGYpG,220690,https://i.scdn.co/image/ab67616d00001e02d9985092cd88bffd97653b58,0.855,0.529,0.548,100.036,-6.679,0.263,0.0837,0.0,0.423,True,False,2024,3.678166666666667
Kendrick Lamar,"dodger blue (feat. wallie the sensei, siete7x, roddy ricch))",GNX,2024-11-22,True,77,4K1Pg0FLno1ltzX3jeqT83,131240,https://i.scdn.co/image/ab67616d00001e02d9985092cd88bffd97653b58,0.796,0.536,0.662,83.492,-7.93,0.109,0.0552,0.0,0.112,True,False,2024,2.187333333333333
Kendrick Lamar,peekaboo (feat. azchike),GNX,2024-11-22,True,77,2Uts1QFB4u2YNIMiqcb4de,155917,https://i.scdn.co/image/ab67616d00001e02d9985092cd88bffd97653b58,0.889,0.298,0.314,100.042,-9.086,0.182,0.00306,1.26e-05,0.173,True,False,2024,2.5986166666666666
Kendrick Lamar,heart pt. 6,GNX,2024-11-22,True,77,1SGvjfc85yzqKXsfKcCxn2,292461,https://i.scdn.co/image/ab67616d00001e02d9985092cd88bffd97653b58,0.704,0.647,0.585,80.998,-7.664,0.325,0.27,0.0,0.109,True,False,2024,4.87435
Kendrick Lamar,"gnx (feat. hitta j3, youngthreat, peysoh)",GNX,2024-11-22,True,76,3aZptNYC6Z1YoumeqZcDcQ,193539,https://i.scdn.co/image/ab67616d00001e02d9985092cd88bffd97653b58,0.75,0.556,0.736,179.911,-7.275,0.436,0.134,0.0,0.107,True,False,2024,3.22565
Kendrick Lamar,gloria (with sza),GNX,2024-11-22,True,76,0wgOhYnqZKjOHr6bmdz0aN,287522,https://i.scdn.co/image/ab67616d00001e02d9985092cd88bffd97653b58,0.719,0.555,0.413,140.07,-9.785,0.27,0.22,0.0,0.127,True,False,2024,4.792033333333333
Kendrick Lamar,United In Grief,Mr. Morale & The Big Steppers,2022-05-13,True,73,5Gt9bxniM1SxN61yRzRhXL,255377,https://i.scdn.co/image/ab67616d00001e022e02117d76426a08ac7c174f,0.529,0.845,0.331,85.63,-8.142,0.404,0.244,0.0,0.143,True,False,2022,4.256283333333333
Kendrick Lamar,N95,Mr. Morale & The Big Steppers,2022-05-13,True,75,0fX4oNGBWO3dSGUZcVdVV2,195950,https://i.scdn.co/image/ab67616d00001e022e02117d76426a08ac7c174f,0.79,0.67,0.408,139.956,-5.527,0.105,0.377,2.32e-06,0.119,True,False,2022,3.265833333333333
Kendrick Lamar,Worldwide Steppers,Mr. Morale & The Big Steppers,2022-05-13,True,59,66mVPWmFvXPFf8pjK5ttOW,203367,https://i.scdn.co/image/ab67616d00001e022e02117d76426a08ac7c174f,0.514,0.472,0.557,77.215,-11.106,0.368,0.753,0.00012,0.0746,True,False,2022,3.38945
Kendrick Lamar,Die Hard,Mr. Morale & The Big Steppers,2022-05-13,True,72,2g6tReTlM2Akp41g0HaeXN,239026,https://i.scdn.co/image/ab67616d00001e022e02117d76426a08ac7c174f,0.775,0.736,0.362,100.988,-8.072,0.247,0.319,0.00116,0.127,True,False,2022,3.9837666666666665
Kendrick Lamar,Father Time (feat. Sampha),Mr. Morale & The Big Steppers,2022-05-13,True,69,28qA8y1sz0FTuSapsCxNOG,222497,https://i.scdn.co/image/ab67616d00001e022e02117d76426a08ac7c174f,0.514,0.779,0.517,152.869,-4.365,0.344,0.181,0.0,0.099,True,False,2022,3.708283333333333
Kendrick Lamar,Rich - Interlude,Mr. Morale & The Big Steppers,2022-05-13,True,56,15pyFQHCTVp6T7vaWctSgO,103319,https://i.scdn.co/image/ab67616d00001e022e02117d76426a08ac7c174f,0.481,0.406,0.741,91.589,-11.52,0.0775,0.864,0.000315,0.0869,True,False,2022,1.7219833333333334
Kendrick Lamar,Rich Spirit,Mr. Morale & The Big Steppers,2022-05-13,True,73,1QPreu0BNOrUfEb8HTd2qG,202285,https://i.scdn.co/image/ab67616d00001e022e02117d76426a08ac7c174f,0.852,0.421,0.457,95.977,-9.153,0.208,0.428,2.28e-06,0.106,True,False,2022,3.3714166666666667
Kendrick Lamar,We Cry Together,Mr. Morale & The Big Steppers,2022-05-13,True,61,67XC51nlZncNpHmZ8rOU9a,341307,https://i.scdn.co/image/ab67616d00001e022e02117d76426a08ac7c174f,0.648,0.68,0.504,106.89,-7.276,0.345,0.292,0.0,0.0808,True,False,2022,5.68845
Kendrick Lamar,Purple Hearts,Mr. Morale & The Big Steppers,2022-05-13,True,62,1REVvAphiSTJyKQ1fDpHa4,329295,https://i.scdn.co/image/ab67616d00001e022e02117d76426a08ac7c174f,0.567,0.824,0.737,138.202,-6.973,0.296,0.167,2.65e-06,0.149,True,False,2022,5.48825
Kendrick Lamar,Count Me Out,Mr. Morale & The Big Steppers,2022-05-13,True,74,6BU1RZexmvJcBjgagVVt3M,283642,https://i.scdn.co/image/ab67616d00001e022e02117d76426a08ac7c174f,0.776,0.431,0.495,133.999,-7.544,0.091,0.671,0.0,0.153,True,False,2022,4.727366666666667
Kendrick Lamar,Crown,Mr. Morale & The Big Steppers,2022-05-13,True,58,4zMxWSP2qZUy5CBCH5PdzZ,264299,https://i.scdn.co/image/ab67616d00001e022e02117d76426a08ac7c174f,0.355,0.245,0.162,173.329,-13.475,0.0358,0.801,9.11e-05,0.112,True,False,2022,4.404983333333333
Kendrick Lamar,Silent Hill,Mr. Morale & The Big Steppers,2022-05-13,True,66,3lzUeaCbcCDB5IXYfqWRlF,220779,https://i.scdn.co/image/ab67616d00001e022e02117d76426a08ac7c174f,0.907,0.577,0.801,140.07,-6.737,0.0767,0.438,3.19e-05,0.137,True,False,2022,3.67965
Kendrick Lamar,Savior - Interlude,Mr. Morale & The Big Steppers,2022-05-13,True,56,5G4uLkFKdEZLcuNyeomQmE,152985,https://i.scdn.co/image/ab67616d00001e022e02117d76426a08ac7c174f,0.618,0.43,0.826,117.125,-9.38,0.216,0.807,0.0,0.189,True,False,2022,2.54975
Kendrick Lamar,Savior,Mr. Morale & The Big Steppers,2022-05-13,True,64,3drdWsJKiVCSQ2gKhd9BDT,224466,https://i.scdn.co/image/ab67616d00001e022e02117d76426a08ac7c174f,0.605,0.692,0.685,124.84,-7.45,0.446,0.495,0.0,0.303,True,False,2022,3.7411
Kendrick Lamar,Auntie Diaries,Mr. Morale & The Big Steppers,2022-05-13,True,56,1uY1X8YeBixs1FdQ3fQ7d4,281069,https://i.scdn.co/image/ab67616d00001e022e02117d76426a08ac7c174f,0.52,0.375,0.589,127.544,-13.409,0.358,0.745,0.0122,0.429,True,False,2022,4.6844833333333336
Kendrick Lamar,Mr. Morale,Mr. Morale & The Big Steppers,2022-05-13,True,62,6CmpZfKUQ2KerzBFZ3QKFr,210841,https://i.scdn.co/image/ab67616d00001e022e02117d76426a08ac7c174f,0.727,0.53,0.258,174.025,-8.616,0.312,0.283,2.76e-05,0.392,True,False,2022,3.5140166666666666
Kendrick Lamar,Mother I Sober (feat. Beth Gibbons of Portishead),Mr. Morale & The Big Steppers,2022-05-13,True,57,346SJSEbB6pNZMpwovxDiu,406528,https://i.scdn.co/image/ab67616d00001e022e02117d76426a08ac7c174f,0.492,0.369,0.491,140.012,-14.861,0.329,0.87,2.85e-05,0.11,True,False,2022,6.7754666666666665
Kendrick Lamar,Mirror,Mr. Morale & The Big Steppers,2022-05-13,True,62,5xoYormSTltk6F9SlQV6mm,256006,https://i.scdn.co/image/ab67616d00001e022e02117d76426a08ac7c174f,0.652,0.67,0.274,91.933,-8.766,0.0639,0.225,1.4e-05,0.0804,True,False,2022,4.266766666666666
Kendrick Lamar,The Heart Part 5,Mr. Morale & The Big Steppers,2022-05-13,True,59,5qbhVL3vB7HwWvb0042B7y,332228,https://i.scdn.co/image/ab67616d00001e022e02117d76426a08ac7c174f,0.7,0.812,0.801,97.405,-8.128,0.297,0.183,0.0,0.0756,True,False,2022,5.537133333333333
Kendrick Lamar,Black Panther,Black Panther The Album Music From And Inspired By,2018-02-09,True,49,5qN4HFkapdAOV94XPryVof,130613,https://i.scdn.co/image/ab67616d00001e02c027ad28821777b00dcaa888,0.619,0.582,0.48,90.035,-9.454,0.297,0.625,3.84e-06,0.265,True,False,2018,2.1768833333333335
Kendrick Lamar,All The Stars (with SZA),Black Panther The Album Music From And Inspired By,2018-02-09,True,85,3GCdLUSnKSMJhs4Tj6CV3s,232186,https://i.scdn.co/image/ab67616d00001e02c027ad28821777b00dcaa888,0.695,0.633,0.557,96.782,-4.946,0.0599,0.0612,0.000195,0.0926,True,False,2018,3.8697666666666666
ScHoolboy Q,X (with 2 Chainz & Saudi),Black Panther The Album Music From And Inspired By,2018-02-09,True,59,4LmAnpjlhWTahvRkYR8xJa,267426,https://i.scdn.co/image/ab67616d00001e02c027ad28821777b00dcaa888,0.776,0.471,0.405,131.018,-8.406,0.253,0.0203,0.0,0.268,True,False,2018,4.4571
Khalid,The Ways (with Swae Lee),Black Panther The Album Music From And Inspired By,2018-02-09,True,57,5jyyPsIGM2yqkZN9R3TmvN,238893,https://i.scdn.co/image/ab67616d00001e02c027ad28821777b00dcaa888,0.727,0.719,0.589,140.08,-5.856,0.049,0.0622,1.16e-06,0.229,True,False,2018,3.98155
Vince Staples,Opps (with Yugen Blakrok),Black Panther The Album Music From And Inspired By,2018-02-09,True,50,7bUcBztfGqO7cSI2gMZeCI,180893,https://i.scdn.co/image/ab67616d00001e02c027ad28821777b00dcaa888,0.706,0.775,0.848,127.929,-6.819,0.335,0.152,3.4e-05,0.416,True,False,2018,3.014883333333333
Jorja Smith,I Am,Black Panther The Album Music From And Inspired By,2018-02-09,True,52,0DJBgBiYeSn6n1AXAkFVE8,208760,https://i.scdn.co/image/ab67616d00001e02c027ad28821777b00dcaa888,0.601,0.582,0.315,148.776,-5.725,0.264,0.143,9.78e-05,0.183,True,False,2018,3.4793333333333334
SOB X RBE,Paramedic!,Black Panther The Album Music From And Inspired By,2018-02-09,True,59,2tPcTFiQF9MbVUyjZ3zDhA,219306,https://i.scdn.co/image/ab67616d00001e02c027ad28821777b00dcaa888,0.856,0.653,0.471,97.017,-5.324,0.143,0.178,0.0,0.193,True,False,2018,3.6551
Ab-Soul,Bloody Waters (with Anderson .Paak & James Blake),Black Panther The Album Music From And Inspired By,2018-02-09,True,48,4KXwFI9pgJLpUIAc9oSL8j,272306,https://i.scdn.co/image/ab67616d00001e02c027ad28821777b00dcaa888,0.507,0.606,0.202,180.593,-8.758,0.452,0.184,0.0,0.174,True,False,2018,4.538433333333334
Jay Rock,"King's Dead (with Kendrick Lamar, Future & James Blake)",Black Panther The Album Music From And Inspired By,2018-02-09,True,57,1eLSF6HfrRA0AsNmTkUlKx,225266,https://i.scdn.co/image/ab67616d00001e02c027ad28821777b00dcaa888,0.566,0.724,0.408,81.772,-4.573,0.323,0.00104,0.0,0.158,True,False,2018,3.7544333333333335
Zacari,Redemption Interlude,Black Panther The Album Music From And Inspired By,2018-02-09,True,43,4FpfU1O7WCLBnmwu5XAFk4,85266,https://i.scdn.co/image/ab67616d00001e02c027ad28821777b00dcaa888,0.55,0.449,0.222,121.164,-13.645,0.103,0.656,4.8e-05,0.0866,True,False,2018,1.4211
Zacari,Redemption (with Babes Wodumo),Black Panther The Album Music From And Inspired By,2018-02-09,True,48,76iVOVsliCHlWqKuDnCfhE,222093,https://i.scdn.co/image/ab67616d00001e02c027ad28821777b00dcaa888,0.778,0.764,0.642,125.062,-7.175,0.127,0.139,0.0274,0.123,True,False,2018,3.70155
Mozzy,Seasons (with Sjava & Reason),Black Panther The Album Music From And Inspired By,2018-02-09,True,48,35cOyocq8Gb6UcT0NWeTwn,242293,https://i.scdn.co/image/ab67616d00001e02c027ad28821777b00dcaa888,0.628,0.556,0.32,126.698,-6.76,0.328,0.279,0.0,0.158,True,False,2018,4.038216666666667
Kendrick Lamar,Big Shot (with Travis Scott),Black Panther The Album Music From And Inspired By,2018-02-09,True,58,5cXg9IQS34FzLVdHhp7hu7,221826,https://i.scdn.co/image/ab67616d00001e02c027ad28821777b00dcaa888,0.855,0.478,0.283,130.018,-9.116,0.193,0.00759,0.0,0.101,True,False,2018,3.6971
The Weeknd,Pray For Me (with Kendrick Lamar),Black Panther The Album Music From And Inspired By,2018-02-09,True,66,77UjLW8j5UAGAGVGhR5oUK,211440,https://i.scdn.co/image/ab67616d00001e02c027ad28821777b00dcaa888,0.735,0.677,0.187,100.563,-4.979,0.0932,0.0756,2.17e-05,0.111,True,False,2018,3.524
Kendrick Lamar,BLOOD.,DAMN.,2017-04-14,True,61,1n4jwRVXdkK2U34nBDUKKT,118066,https://i.scdn.co/image/ab67616d00001e028b52c6b9bc4e43d873869699,0.357,0.238,0.494,156.907,-16.78,0.265,0.142,0.0859,0.55,True,False,2017,1.9677666666666667
Kendrick Lamar,DNA.,DAMN.,2017-04-14,True,78,6HZILIRieu8S0iqY8kIKhj,185946,https://i.scdn.co/image/ab67616d00001e028b52c6b9bc4e43d873869699,0.638,0.523,0.422,139.913,-6.664,0.357,0.00454,0.0,0.0842,True,False,2017,3.0991
Kendrick Lamar,YAH.,DAMN.,2017-04-14,True,65,4BHSjbYylfOH5WAGusDyni,160293,https://i.scdn.co/image/ab67616d00001e028b52c6b9bc4e43d873869699,0.67,0.7,0.648,69.986,-7.893,0.196,0.576,5.34e-06,0.226,True,False,2017,2.67155
Kendrick Lamar,ELEMENT.,DAMN.,2017-04-14,True,69,1EaKU4dMbesXXd3BrLCtYG,208733,https://i.scdn.co/image/ab67616d00001e028b52c6b9bc4e43d873869699,0.748,0.705,0.483,189.891,-4.547,0.485,0.204,0.0,0.246,True,False,2017,3.4788833333333335
Kendrick Lamar,FEEL.,DAMN.,2017-04-14,True,66,2LTlO3NuNVN70lp2ZbVswF,214826,https://i.scdn.co/image/ab67616d00001e028b52c6b9bc4e43d873869699,0.746,0.798,0.553,109.968,-8.382,0.349,0.137,0.0,0.139,True,False,2017,3.580433333333333
Kendrick Lamar,LOYALTY. FEAT. RIHANNA.,DAMN.,2017-04-14,True,75,6SwRhMLwNqEi6alNPVG00n,227360,https://i.scdn.co/image/ab67616d00001e028b52c6b9bc4e43d873869699,0.658,0.535,0.419,110.684,-8.983,0.0573,0.0265,0.0,0.2,True,False,2017,3.7893333333333334
Kendrick Lamar,PRIDE.,DAMN.,2017-04-14,True,82,6IZvVAP7VPPnsGX6bvgkqg,275253,https://i.scdn.co/image/ab67616d00001e028b52c6b9bc4e43d873869699,0.665,0.535,0.37,138.842,-7.056,0.0572,0.0786,1.68e-05,0.154,True,False,2017,4.58755
Kendrick Lamar,HUMBLE.,DAMN.,2017-04-14,True,83,7KXjTSCq5nL1LoYtL7XAwS,177000,https://i.scdn.co/image/ab67616d00001e028b52c6b9bc4e43d873869699,0.908,0.621,0.421,150.011,-6.638,0.102,0.000282,5.39e-05,0.0958,True,False,2017,2.95
Kendrick Lamar,LUST.,DAMN.,2017-04-14,True,63,06FCvd7rrRcF3DdvWH5Isp,307880,https://i.scdn.co/image/ab67616d00001e028b52c6b9bc4e43d873869699,0.678,0.562,0.566,94.241,-9.197,0.508,0.193,0.0,0.104,True,False,2017,5.131333333333333
Kendrick Lamar,LOVE. FEAT. ZACARI.,DAMN.,2017-04-14,True,80,6PGoSes0D9eUDeeAafB2As,213400,https://i.scdn.co/image/ab67616d00001e028b52c6b9bc4e43d873869699,0.8,0.585,0.779,126.058,-7.343,0.0924,0.264,0.0,0.153,True,False,2017,3.5566666666666666
Kendrick Lamar,XXX. FEAT. U2.,DAMN.,2017-04-14,True,69,4iYRa2btalAzPZoSYfROqF,254200,https://i.scdn.co/image/ab67616d00001e028b52c6b9bc4e43d873869699,0.568,0.619,0.293,170.115,-6.899,0.414,0.138,1.67e-06,0.11,True,False,2017,4.236666666666666
Kendrick Lamar,FEAR.,DAMN.,2017-04-14,True,65,23luOrEVHMfoX0AhfbQuS6,460573,https://i.scdn.co/image/ab67616d00001e028b52c6b9bc4e43d873869699,0.588,0.479,0.434,150.414,-7.039,0.281,0.604,7.2e-06,0.527,True,False,2017,7.676216666666667
Kendrick Lamar,GOD.,DAMN.,2017-04-14,True,60,5p3NP9mQblDsVJLdfNZJ3I,248826,https://i.scdn.co/image/ab67616d00001e028b52c6b9bc4e43d873869699,0.706,0.557,0.205,132.98,-5.8,0.0813,0.0347,0.0,0.276,True,False,2017,4.1471
Kendrick Lamar,DUCKWORTH.,DAMN.,2017-04-14,True,72,0y9uTzK9cNKSAEHnpeRG8C,248613,https://i.scdn.co/image/ab67616d00001e028b52c6b9bc4e43d873869699,0.552,0.731,0.632,174.516,-6.873,0.615,0.0536,0.0,0.258,True,False,2017,4.14355
Kendrick Lamar,untitled 01 | 08.19.2014.,untitled unmastered.,2016-03-04,True,49,6OkOFxU6j0UufR97VgSnS7,247746,https://i.scdn.co/image/ab67616d00001e028c697f553a46006a5d8886b2,0.57,0.584,0.107,102.19,-11.708,0.405,0.321,0.0,0.0868,True,False,2016,4.1291
Kendrick Lamar,untitled 02 | 06.23.2014.,untitled unmastered.,2016-03-04,True,62,3I0FBDc1c1BLNtXWKVjmFg,258826,https://i.scdn.co/image/ab67616d00001e028c697f553a46006a5d8886b2,0.667,0.508,0.093,89.436,-10.337,0.451,0.341,0.0,0.644,True,False,2016,4.313766666666667
Kendrick Lamar,untitled 03 | 05.28.2013.,untitled unmastered.,2016-03-04,True,55,2fgAJeky8Cpsr8Cfvn2NVp,154346,https://i.scdn.co/image/ab67616d00001e028c697f553a46006a5d8886b2,0.813,0.549,0.562,103.914,-12.427,0.269,0.608,1e-06,0.129,True,False,2016,2.572433333333333
Kendrick Lamar,untitled 04 | 08.14.2014.,untitled unmastered.,2016-03-04,True,48,1U13SSgDOxK98L1FTWYrjQ,110066,https://i.scdn.co/image/ab67616d00001e028c697f553a46006a5d8886b2,0.512,0.128,0.219,103.056,-21.49,0.252,0.864,0.0,0.512,True,False,2016,1.8344333333333334
Kendrick Lamar,untitled 05 | 09.21.2014.,untitled unmastered.,2016-03-04,True,56,3V8vWoCbKbfjNrPaQ4YtSg,338426,https://i.scdn.co/image/ab67616d00001e028c697f553a46006a5d8886b2,0.461,0.62,0.422,153.941,-9.822,0.496,0.321,0.0,0.151,True,False,2016,5.640433333333333
Kendrick Lamar,untitled 06 | 06.30.2014.,untitled unmastered.,2016-03-04,True,56,4M2t7bP4Mq87mGMn0PObUX,208013,https://i.scdn.co/image/ab67616d00001e028c697f553a46006a5d8886b2,0.669,0.541,0.645,89.083,-11.291,0.0461,0.0992,7.69e-06,0.254,True,False,2016,3.4668833333333335
Kendrick Lamar,untitled 07 | 2014 - 2016,untitled unmastered.,2016-03-04,True,53,40IQooNkPRVtn4zlE3ZFpA,496173,https://i.scdn.co/image/ab67616d00001e028c697f553a46006a5d8886b2,0.567,0.463,0.324,126.982,-11.669,0.504,0.732,0.0,0.709,True,False,2016,8.26955
Kendrick Lamar,untitled 08 | 09.06.2014.,untitled unmastered.,2016-03-04,True,64,5bBUDJUfGcG7eFy3Bf4fXv,235506,https://i.scdn.co/image/ab67616d00001e028c697f553a46006a5d8886b2,0.85,0.524,0.686,120.004,-9.375,0.204,0.25,2.46e-06,0.114,True,False,2016,3.9251
Kendrick Lamar,Wesley's Theory,To Pimp A Butterfly,2015-03-16,True,33,3bfADkn4569mddf3NuIyKh,287360,https://i.scdn.co/image/ab67616d00001e02e69c637a33eeb3f072d8f57c,0.509,0.787,0.507,114.449,-6.754,0.265,0.359,2.76e-05,0.26,True,False,2015,4.789333333333333
Kendrick Lamar,For Free? - Interlude,To Pimp A Butterfly,2015-03-16,True,26,4c5DfSNdMMD0WfAzC11Eb5,130893,https://i.scdn.co/image/ab67616d00001e02e69c637a33eeb3f072d8f57c,0.526,0.896,0.745,129.313,-4.708,0.197,0.588,0.0,0.37,True,False,2015,2.18155
Kendrick Lamar,King Kunta,To Pimp A Butterfly,2015-03-16,True,33,2XijsLg3IR0IkUMKtlqdvT,234693,https://i.scdn.co/image/ab67616d00001e02e69c637a33eeb3f072d8f57c,0.884,0.657,0.489,107.059,-4.569,0.0977,0.00589,0.0,0.154,True,False,2015,3.91155
Kendrick Lamar,Institutionalized,To Pimp A Butterfly,2015-03-16,True,27,1FUcuS5FpYqBrIgTD9fXTQ,271773,https://i.scdn.co/image/ab67616d00001e02e69c637a33eeb3f072d8f57c,0.539,0.731,0.568,81.114,-5.085,0.453,0.112,1.19e-06,0.129,True,False,2015,4.52955
Kendrick Lamar,These Walls,To Pimp A Butterfly,2015-03-16,True,30,7grlZyuGxtz5uWBNJ7aCmO,300973,https://i.scdn.co/image/ab67616d00001e02e69c637a33eeb3f072d8f57c,0.752,0.489,0.373,108.005,-5.233,0.137,0.11,3.57e-06,0.202,True,False,2015,5.016216666666667
Kendrick Lamar,u,To Pimp A Butterfly,2015-03-16,True,28,7iVC68z9TYxNpFCQfs6TUE,268493,https://i.scdn.co/image/ab67616d00001e02e69c637a33eeb3f072d8f57c,0.406,0.798,0.58,71.547,-5.585,0.432,0.26,0.0,0.461,True,False,2015,4.4748833333333335
Kendrick Lamar,Alright,To Pimp A Butterfly,2015-03-16,True,36,6oakQZRgFZ5FRHDr3GoiPF,219333,https://i.scdn.co/image/ab67616d00001e02e69c637a33eeb3f072d8f57c,0.796,0.766,0.558,110.034,-5.974,0.238,0.0742,0.0,0.0827,True,False,2015,3.65555
Kendrick Lamar,For Sale? - Interlude,To Pimp A Butterfly,2015-03-16,True,25,7KCvyzT5jtlJwoyUN8Uw0A,291720,https://i.scdn.co/image/ab67616d00001e02e69c637a33eeb3f072d8f57c,0.301,0.686,0.276,79.036,-8.36,0.0831,0.442,0.000115,0.121,True,False,2015,4.862
Kendrick Lamar,Momma,To Pimp A Butterfly,2015-03-16,True,24,2bwC0ggz9qwYcCIpM1fBzK,283120,https://i.scdn.co/image/ab67616d00001e02e69c637a33eeb3f072d8f57c,0.615,0.743,0.515,111.914,-4.58,0.325,0.254,0.0,0.665,True,False,2015,4.718666666666667
Kendrick Lamar,Hood Politics,To Pimp A Butterfly,2015-03-16,True,25,0lGb6cqAouFJqlNT0HJEcV,292520,https://i.scdn.co/image/ab67616d00001e02e69c637a33eeb3f072d8f57c,0.731,0.661,0.369,87.912,-6.562,0.376,0.145,0.0,0.12,True,False,2015,4.875333333333334
Kendrick Lamar,How Much A Dollar Cost,To Pimp A Butterfly,2015-03-16,True,25,4eZCJ2OFRnyfbPwH21tPL0,261746,https://i.scdn.co/image/ab67616d00001e02e69c637a33eeb3f072d8f57c,0.624,0.729,0.334,87.948,-4.747,0.198,0.415,0.0,0.135,True,False,2015,4.362433333333334
Kendrick Lamar,Complexion (A Zulu Love),To Pimp A Butterfly,2015-03-16,True,24,69u3f33ziqgUZkHpxhWuid,263360,https://i.scdn.co/image/ab67616d00001e02e69c637a33eeb3f072d8f57c,0.665,0.558,0.37,89.953,-7.863,0.303,0.566,4.57e-06,0.219,True,False,2015,4.389333333333333
Kendrick Lamar,The Blacker The Berry,To Pimp A Butterfly,2015-03-16,True,26,5iazFRMdIQ78zSjPoxWQNI,328826,https://i.scdn.co/image/ab67616d00001e02e69c637a33eeb3f072d8f57c,0.553,0.852,0.27,176.058,-4.08,0.305,0.00713,0.0,0.463,True,False,2015,5.480433333333333
Kendrick Lamar,You Ain't Gotta Lie (Momma Said),To Pimp A Butterfly,2015-03-16,True,25,4AzVz6cA7rsH4mYP1hmPhz,241680,https://i.scdn.co/image/ab67616d00001e02e69c637a33eeb3f072d8f57c,0.443,0.635,0.672,93.742,-5.404,0.223,0.455,2.07e-05,0.285,True,False,2015,4.028
Kendrick Lamar,i,To Pimp A Butterfly,2015-03-16,True,30,6v0yKEba7ZN6BHkOOoWfsN,336013,https://i.scdn.co/image/ab67616d00001e02e69c637a33eeb3f072d8f57c,0.541,0.809,0.753,120.094,-4.286,0.324,0.708,0.0,0.72,True,False,2015,5.600216666666666
Kendrick Lamar,Mortal Man,To Pimp A Butterfly,2015-03-16,True,23,4AS5UEGASSIcbnwfDGOoK2,727106,https://i.scdn.co/image/ab67616d00001e02e69c637a33eeb3f072d8f57c,0.567,0.525,0.416,86.935,-9.043,0.75,0.665,0.0,0.708,True,False,2015,12.118433333333334
Kendrick Lamar,Sherane a.k.a Master Splinter’s Daughter,"good kid, m.A.A.d city (Deluxe)",2012-10-22,True,50,5FF6Pyuh5jW6ybKHiaiGMy,273640,https://i.scdn.co/image/ab67616d00001e0278de8b28de36a74afc0348b5,0.504,0.508,0.317,82.069,-11.094,0.518,0.486,0.0102,0.124,True,False,2012,4.560666666666667
Kendrick Lamar,"Bitch, Don’t Kill My Vibe","good kid, m.A.A.d city (Deluxe)",2012-10-22,True,64,5h5tBFnbcVioFXiOixTn6E,310720,https://i.scdn.co/image/ab67616d00001e0278de8b28de36a74afc0348b5,0.586,0.698,0.098,133.954,-8.948,0.0943,0.0151,0.0,0.443,True,False,2012,5.1786666666666665
Kendrick Lamar,Backseat Freestyle,"good kid, m.A.A.d city (Deluxe)",2012-10-22,True,57,1BR5vhAlaoUiijQ28p6jlN,212653,https://i.scdn.co/image/ab67616d00001e0278de8b28de36a74afc0348b5,0.547,0.651,0.645,77.878,-7.601,0.3,0.000739,0.0,0.235,True,False,2012,3.544216666666667
Kendrick Lamar,The Art of Peer Pressure,"good kid, m.A.A.d city (Deluxe)",2012-10-22,True,53,4F8rYEoiBjPaRgQXLVtN5a,324533,https://i.scdn.co/image/ab67616d00001e0278de8b28de36a74afc0348b5,0.555,0.611,0.409,94.939,-9.216,0.356,0.285,0.00106,0.273,True,False,2012,5.408883333333334
Kendrick Lamar,Money Trees,"good kid, m.A.A.d city (Deluxe)",2012-10-22,True,66,0UtnpKaReKUg2GquaSxCyD,386906,https://i.scdn.co/image/ab67616d00001e0278de8b28de36a74afc0348b5,0.716,0.531,0.335,71.972,-7.355,0.157,0.0709,0.0,0.22,True,False,2012,6.448433333333333
Kendrick Lamar,Poetic Justice,"good kid, m.A.A.d city (Deluxe)",2012-10-22,True,60,3MLOAIJNWWS8FQpvdaiKR7,300160,https://i.scdn.co/image/ab67616d00001e0278de8b28de36a74afc0348b5,0.778,0.569,0.642,135.958,-9.985,0.378,0.158,0.0,0.246,True,False,2012,5.002666666666666
Kendrick Lamar,good kid,"good kid, m.A.A.d city (Deluxe)",2012-10-22,True,53,0PKJxo97zXT8oAwl2zFnPh,214120,https://i.scdn.co/image/ab67616d00001e0278de8b28de36a74afc0348b5,0.451,0.831,0.41,176.173,-8.641,0.308,0.0623,0.0,0.185,True,False,2012,3.5686666666666667
Kendrick Lamar,m.A.A.d city,"good kid, m.A.A.d city (Deluxe)",2012-10-22,True,64,3qX1dqmDdmMvvfMVfsx4Bh,350120,https://i.scdn.co/image/ab67616d00001e0278de8b28de36a74afc0348b5,0.487,0.729,0.217,91.066,-6.815,0.271,0.0538,4.09e-06,0.44,True,False,2012,5.835333333333334
Kendrick Lamar,Swimming Pools (Drank) - Extended Version,"good kid, m.A.A.d city (Deluxe)",2012-10-22,True,60,40wUM3LFZOlUcZfxEIZrYK,313786,https://i.scdn.co/image/ab67616d00001e0278de8b28de36a74afc0348b5,0.669,0.485,0.261,74.376,-7.744,0.417,0.123,2.68e-05,0.604,True,False,2012,5.2297666666666665
Kendrick Lamar,"Sing About Me, I'm Dying Of Thirst","good kid, m.A.A.d city (Deluxe)",2012-10-22,True,60,1Z2FvDFZSDQ23s4BDqpWqZ,723573,https://i.scdn.co/image/ab67616d00001e0278de8b28de36a74afc0348b5,0.654,0.753,0.371,110.699,-7.556,0.398,0.303,8.25e-05,0.13,True,False,2012,12.05955
Kendrick Lamar,Real,"good kid, m.A.A.d city (Deluxe)",2012-10-22,True,53,73eGiraiU7JkIsmFyQyJAv,443413,https://i.scdn.co/image/ab67616d00001e0278de8b28de36a74afc0348b5,0.652,0.458,0.174,100.049,-12.272,0.194,0.0282,0.0,0.664,True,False,2012,7.390216666666666
Kendrick Lamar,Compton,"good kid, m.A.A.d city (Deluxe)",2012-10-22,True,50,0O6cYePgIBlMQ0pAFate3q,248093,https://i.scdn.co/image/ab67616d00001e0278de8b28de36a74afc0348b5,0.341,0.907,0.224,170.757,-4.425,0.419,0.0815,0.0,0.383,True,False,2012,4.134883333333334
Kendrick Lamar,The Recipe - Bonus Track,"good kid, m.A.A.d city (Deluxe)",2012-10-22,True,63,5jHilrZDaP1vJMZfdN1He3,352853,https://i.scdn.co/image/ab67616d00001e0278de8b28de36a74afc0348b5,0.764,0.782,0.504,131.0,-6.975,0.0725,0.000589,0.0,0.35,True,False,2012,5.880883333333333
Kendrick Lamar,Black Boy Fly - Bonus Track,"good kid, m.A.A.d city (Deluxe)",2012-10-22,True,47,6P6HGbOoWUynE2U7yLwLnY,279146,https://i.scdn.co/image/ab67616d00001e0278de8b28de36a74afc0348b5,0.593,0.731,0.61,160.085,-5.21,0.15,0.108,1.52e-06,0.103,True,False,2012,4.652433333333334
Kendrick Lamar,Now Or Never - Bonus Track,"good kid, m.A.A.d city (Deluxe)",2012-10-22,False,58,0NfYAsKygCYwPA2BgTZ1qg,256213,https://i.scdn.co/image/ab67616d00001e0278de8b28de36a74afc0348b5,0.535,0.707,0.784,100.534,-5.879,0.21,0.264,0.0,0.305,True,False,2012,4.270216666666666
Kendrick Lamar,"Bitch, Don’t Kill My Vibe - Remix","good kid, m.A.A.d city (Deluxe)",2012-10-22,True,47,4wshBvO4qMrxJnPlfkeUWi,278586,https://i.scdn.co/image/ab67616d00001e0278de8b28de36a74afc0348b5,0.633,0.787,0.146,133.62,-5.766,0.241,0.0508,0.0,0.204,True,False,2012,4.6431
Kendrick Lamar,"Bitch, Don’t Kill My Vibe - International Remix / Explicit Version","good kid, m.A.A.d city (Deluxe)",2012-10-22,True,42,1IjxCFAyR1ysajk10iHsKh,305813,https://i.scdn.co/image/ab67616d00001e0278de8b28de36a74afc0348b5,0.67,0.812,0.0871,134.057,-6.608,0.0815,0.0109,0.0,0.503,True,False,2012,5.096883333333333
Kendrick Lamar,F*ck Your Ethnicity,Section.80,2011-07-02,True,54,1gXH8hT9dxsBqbRy7h2iC8,224671,https://i.scdn.co/image/ab67616d00001e02eddb2639b74ac6c202032ebe,0.601,0.883,0.52,150.967,-6.944,0.328,0.392,1.93e-05,0.397,True,False,2011,3.7445166666666667
Kendrick Lamar,Hol' Up,Section.80,2011-07-02,True,62,6cfVDaIdvDtYH91RqC6Wox,173158,https://i.scdn.co/image/ab67616d00001e02eddb2639b74ac6c202032ebe,0.607,0.869,0.577,155.983,-5.271,0.345,0.781,0.0,0.137,True,False,2011,2.8859666666666666
Kendrick Lamar,A.D.H.D,Section.80,2011-07-02,True,71,2Fw5S2gaOSZzdN5dFoC2dj,215509,https://i.scdn.co/image/ab67616d00001e02eddb2639b74ac6c202032ebe,0.609,0.799,0.582,157.74,-6.883,0.24,0.33,0.0,0.108,True,False,2011,3.591816666666667
Kendrick Lamar,No Make-Up (Her Vice) (feat. Colin Munroe),Section.80,2011-07-02,True,48,3L2YOO6dDiB91M1AbQ0CCR,235921,https://i.scdn.co/image/ab67616d00001e02eddb2639b74ac6c202032ebe,0.535,0.696,0.213,91.002,-7.181,0.0901,0.541,0.00521,0.63,True,False,2011,3.9320166666666667
Kendrick Lamar,Tammy's Song (Her Evils),Section.80,2011-07-02,True,50,22gXA7HlEd0z13zdc3hju7,161670,https://i.scdn.co/image/ab67616d00001e02eddb2639b74ac6c202032ebe,0.477,0.835,0.52,97.317,-5.942,0.438,0.924,0.000508,0.129,True,False,2011,2.6945
Kendrick Lamar,Chapter Six,Section.80,2011-07-02,True,63,3DBFOXJKitLKUjlyOCX7ow,161137,https://i.scdn.co/image/ab67616d00001e02eddb2639b74ac6c202032ebe,0.51,0.537,0.67,67.9,-11.297,0.0823,0.533,0.0,0.185,True,False,2011,2.6856166666666668
Kendrick Lamar,Ronald Reagan Era,Section.80,2011-07-02,True,54,71d1KcqByBe8cl0NhFUKVU,216899,https://i.scdn.co/image/ab67616d00001e02eddb2639b74ac6c202032ebe,0.424,0.828,0.3,167.469,-4.991,0.335,0.0152,0.0,0.389,True,False,2011,3.6149833333333334
Kendrick Lamar,Poe Mans Dreams (His Vice) (feat. GLC),Section.80,2011-07-02,True,56,5eOmhymcp3AisKPVAytrs6,261874,https://i.scdn.co/image/ab67616d00001e02eddb2639b74ac6c202032ebe,0.736,0.892,0.597,88.124,-5.217,0.28,0.619,1.14e-06,0.111,True,False,2011,4.364566666666667
Kendrick Lamar,Chapter Ten,Section.80,2011-07-02,True,46,63OYaVrz3LIarx3l2DxCKD,75535,https://i.scdn.co/image/ab67616d00001e02eddb2639b74ac6c202032ebe,0.515,0.738,0.541,135.772,-6.391,0.215,0.0355,0.000373,0.287,True,False,2011,1.2589166666666667
Kendrick Lamar,Keisha's Song (Her Pain) (feat. Ashtro Bot),Section.80,2011-07-02,True,51,7AaET28qSzlkFBcySHh4ES,227291,https://i.scdn.co/image/ab67616d00001e02eddb2639b74ac6c202032ebe,0.465,0.854,0.199,85.126,-7.564,0.377,0.429,0.0,0.618,True,False,2011,3.7881833333333335
Kendrick Lamar,Rigamortus,Section.80,2011-07-02,True,60,2lD6AoA8qf2t4Dkf2TcmNK,168591,https://i.scdn.co/image/ab67616d00001e02eddb2639b74ac6c202032ebe,0.52,0.807,0.628,178.012,-6.281,0.409,0.24,0.00257,0.199,True,False,2011,2.80985
Kendrick Lamar,Kush & Corinthians (feat. BJ The Chicago Kid),Section.80,2011-07-02,True,51,2QVYTN3Z0IGLVF7YEQN5EJ,304668,https://i.scdn.co/image/ab67616d00001e02eddb2639b74ac6c202032ebe,0.383,0.731,0.306,176.781,-5.996,0.201,0.726,0.0,0.504,True,False,2011,5.0778
Kendrick Lamar,Blow My High (Members Only),Section.80,2011-07-02,True,59,1FRF0NHXBW4ecdulGkTzJY,215791,https://i.scdn.co/image/ab67616d00001e02eddb2639b74ac6c202032ebe,0.959,0.524,0.84,119.933,-8.145,0.274,0.316,0.0,0.274,True,False,2011,3.5965166666666666
Kendrick Lamar,Ab-Souls Outro (feat. Ab-Soul),Section.80,2011-07-02,True,46,4VaL54I6TlzghRTzOhfr7L,350001,https://i.scdn.co/image/ab67616d00001e02eddb2639b74ac6c202032ebe,0.471,0.839,0.639,115.79,-6.852,0.379,0.116,0.0,0.658,True,False,2011,5.83335
Kendrick Lamar,HiiiPower,Section.80,2011-07-02,True,64,4WEuEfFiczWxblHyuucSBL,279854,https://i.scdn.co/image/ab67616d00001e02eddb2639b74ac6c202032ebe,0.695,0.827,0.538,81.024,-5.742,0.282,0.179,0.0,0.283,True,False,2011,4.664233333333334
Kendrick Lamar,Growing Apart (To Get Closer),Overly Dedicated,2010-09-14,True,48,2AyFYSaJjz9XMc0kMr1R3a,220995,https://i.scdn.co/image/ab67616d00001e029b035b031d9f0a6a75ae464e,0.586,0.533,0.59,106.835,-9.943,0.366,0.368,0.0,0.175,True,False,2010,3.68325
Kendrick Lamar,Ignorance Is Bliss,Overly Dedicated,2010-09-14,True,51,53mCo1wDJ12iZNq9LgIeg2,210494,https://i.scdn.co/image/ab67616d00001e029b035b031d9f0a6a75ae464e,0.644,0.801,0.764,82.156,-4.55,0.387,0.511,8.59e-06,0.614,True,False,2010,3.5082333333333335
Kendrick Lamar,P&P 1.5,Overly Dedicated,2010-09-14,True,51,6TRVvpoVFwyYyIGTFh0Y7P,361942,https://i.scdn.co/image/ab67616d00001e029b035b031d9f0a6a75ae464e,0.55,0.692,0.593,146.453,-7.438,0.369,0.299,6.57e-06,0.198,True,False,2010,6.032366666666666
Kendrick Lamar,Alien Girl (Today W/ Her),Overly Dedicated,2010-09-14,True,49,6ff9CLXYk39PKFYoYCYeog,239973,https://i.scdn.co/image/ab67616d00001e029b035b031d9f0a6a75ae464e,0.626,0.537,0.259,95.948,-7.344,0.0367,0.502,0.0835,0.111,True,False,2010,3.99955
Kendrick Lamar,Opposites Attract (Tomorrow W/O Her),Overly Dedicated,2010-09-14,True,50,1S6NpdvFXqHZfPUUEOIjtG,271909,https://i.scdn.co/image/ab67616d00001e029b035b031d9f0a6a75ae464e,0.608,0.814,0.587,192.157,-5.908,0.435,0.657,5.86e-06,0.256,True,False,2010,4.531816666666667
Kendrick Lamar,Michael Jordan,Overly Dedicated,2010-09-14,True,44,1oH44ACGSLbJGcbw2JLQOt,350698,https://i.scdn.co/image/ab67616d00001e029b035b031d9f0a6a75ae464e,0.713,0.803,0.522,153.987,-5.311,0.287,0.0759,0.0,0.129,True,False,2010,5.844966666666667
Kendrick Lamar,R.O.T.C (Interlude),Overly Dedicated,2010-09-14,True,43,1DCLOAT1E5NDZDupAE95ka,163105,https://i.scdn.co/image/ab67616d00001e029b035b031d9f0a6a75ae464e,0.645,0.779,0.368,98.405,-7.265,0.316,0.324,0.0,0.65,True,False,2010,2.7184166666666667
Kendrick Lamar,Barbed Wire,Overly Dedicated,2010-09-14,True,50,7M2cKcvCnflzp9WcxGjlbm,265678,https://i.scdn.co/image/ab67616d00001e029b035b031d9f0a6a75ae464e,0.613,0.843,0.325,102.968,-8.343,0.186,0.0152,0.0,0.0917,True,False,2010,4.427966666666666
Kendrick Lamar,Average Joe,Overly Dedicated,2010-09-14,True,46,3r4S1J4YCkx2fuqH2eL9fz,256048,https://i.scdn.co/image/ab67616d00001e029b035b031d9f0a6a75ae464e,0.74,0.733,0.218,91.603,-3.343,0.248,0.243,0.0,0.184,True,False,2010,4.2674666666666665
Kendrick Lamar,H.O.C,Overly Dedicated,2010-09-14,True,45,0bP9mtOuBLMQ7L0DP2wPwj,316975,https://i.scdn.co/image/ab67616d00001e029b035b031d9f0a6a75ae464e,0.613,0.591,0.371,77.124,-8.58,0.391,0.105,0.0,0.191,True,False,2010,5.282916666666667
Kendrick Lamar,Cut You Off (To Grow Closer),Overly Dedicated,2010-09-14,True,46,3LkG1iJmtgmCsKof2QMme6,364103,https://i.scdn.co/image/ab67616d00001e029b035b031d9f0a6a75ae464e,0.685,0.681,0.614,82.982,-7.176,0.481,0.077,0.0,0.129,True,False,2010,6.068383333333333
Kendrick Lamar,She Needs Me (Remix),Overly Dedicated,2010-09-14,True,52,6D5GoogBIBMUBlQ1CYTkOH,195790,https://i.scdn.co/image/ab67616d00001e029b035b031d9f0a6a75ae464e,0.606,0.835,0.313,100.145,-6.107,0.265,0.417,1.11e-06,0.103,True,False,2010,3.2631666666666668
Kendrick Lamar,Not Like Us,Not Like Us,2024-05-04,True,88,6AI3ezQ4o3HUoP6Dhudph3,274192,https://i.scdn.co/image/ab67616d00001e021ea0c62b2339cbf493a999ad,0.898,0.472,0.214,101.061,-7.001,0.0776,0.0107,0.0,0.141,False,False,2024,4.569866666666667
Kendrick Lamar,meet the grahams,meet the grahams,2024-05-03,True,71,4S8PxReB1UiDR2F5x1lyIR,392138,https://i.scdn.co/image/ab67616d00001e02ba8b74f6b8523c328be1bdd2,0.479,0.802,0.602,74.98,-6.252,0.309,0.55,0.00045,0.11,False,False,2024,6.535633333333333
Kendrick Lamar,euphoria,euphoria,2024-04-30,True,78,77DRzu7ERs0TX3roZcre7Q,383639,https://i.scdn.co/image/ab67616d00001e027587213b1be294ac4000f648,0.831,0.643,0.142,139.948,-5.002,0.11,0.046,0.0,0.084,False,False,2024,6.393983333333333
"Skrillex, Kendrick Lamar",HUMBLE. - SKRILLEX REMIX,HUMBLE. (SKRILLEX REMIX),2017-09-29,True,65,65ES1qwOB577ZnTkizMXJJ,156800,https://i.scdn.co/image/ab67616d00001e02bd01ceabd584855b2edd838d,0.901,0.934,0.868,150.037,-2.345,0.273,0.00794,7.68e-05,0.194,False,False,2017,2.6133333333333333
Kendrick Lamar,The Heart Part 4,The Heart Part 4,2017-03-24,True,47,1zayuwd1YLZsYDArkruHdL,288554,https://i.scdn.co/image/ab67616d00001e02a688d4b1d37067e0e92fc886,0.669,0.434,0.55,129.326,-15.218,0.714,0.501,0.000125,0.271,False,False,2017,4.809233333333333
Kendrick Lamar,untitled 07 | levitate,untitled 07 | levitate,2016-03-23,True,49,6QvxTX9zvo4u7XhP9vOP3n,146466,https://i.scdn.co/image/ab67616d00001e0295c7e3e167ae665f4a95bdf7,0.79,0.47,0.53,126.992,-8.594,0.223,0.49,0.0,0.0884,False,False,2016,2.4411
Kendrick Lamar,Swimming Pools (Drank) - Black Hippy Remix,Swimming Pools (Drank) [Black Hippy Remix],2015-03-10,True,35,2kB3E1ne5D9EUguk7yct9g,314893,https://i.scdn.co/image/ab67616d00001e0200744ad014439d488e458c59,0.709,0.525,0.303,73.912,-6.483,0.458,0.0478,0.0,0.103,False,False,2015,5.248216666666667
Kendrick Lamar,County Building Blues,County Building Blues,2015-03-10,True,45,6AdLUPGOVpHT4LAiWYktH0,257706,https://i.scdn.co/image/ab67616d00001e02db0131d989e948519937aa34,0.499,0.778,0.586,105.091,-5.258,0.21,0.0523,0.0,0.0769,False,False,2015,4.2951
Kendrick Lamar,i,i,2014-09-23,True,67,7wdzLe2Gsx1RGqbvYZHASz,231933,https://i.scdn.co/image/ab67616d00001e026d89f336fbfbdf2089701da0,0.755,0.884,0.897,121.927,-5.296,0.0638,0.0208,2.97e-06,0.248,False,False,2014,3.86555
YG Hootie,Two Presidents (feat. Kendrick Lamar),Two Presidents,2013-12-03,True,33,2Xjvo0g3jPZB8QgTmRv5oU,230038,https://i.scdn.co/image/ab67616d00001e026f7907fd1f9b2112a76ae361,0.823,0.529,0.566,124.056,-7.041,0.252,0.477,0.0,0.104,False,True,2013,3.8339666666666665
"Kendrick Lamar, Jay Rock","My People (feat. Jay Rock) (""Bastards of the Party"" Original Soundtrack Version)","My People (feat. Jay Rock) (""Bastards of the Party"" Original Soundtrack Version)",2011-08-16,True,37,0WkQfxU3podAt3UAenbzPd,241086,https://i.scdn.co/image/ab67616d00001e02471f3f28f660290c72fad4b6,0.738,0.484,0.49,87.922,-7.473,0.287,0.593,0.0,0.273,False,True,2011,4.0181
Future,Like That (feat. Kendrick Lamar),WE DON'T TRUST YOU,2024-03-22,True,83,2tudvzsrR56uom6smgOcSf,267706,https://i.scdn.co/image/ab67616d00001e02a46b07c291e6dfdee13b3ee8,0.814,0.676,0.312,162.012,-4.67,0.231,0.00709,1.28e-05,0.119,False,True,2024,4.461766666666667
YG Hootie,Kali Love (feat. Kendrick Lamar),Bompton King,2023-12-13,True,31,0D3Myb8AY4siH5migv1lDg,195623,https://i.scdn.co/image/ab67616d00001e026bfd43bc7d0bee5bb30596ab,0.842,0.548,0.68,94.008,-13.688,0.0575,0.201,1.13e-05,0.329,False,True,2023,3.2603833333333334
Taylor Swift,Bad Blood (feat. Kendrick Lamar) (Taylor's Version),1989 (Taylor's Version) [Deluxe],2023-10-27,False,70,6qAcApH8obo8eqatCKUHd9,199773,https://i.scdn.co/image/ab67616d00001e02dc2bacae1dca83d26e2b1949,0.604,0.644,0.197,170.088,-6.931,0.0889,0.0143,0.0,0.237,False,True,2023,3.32955
Beyoncé,AMERICA HAS A PROBLEM (feat. Kendrick Lamar),AMERICA HAS A PROBLEM (feat. Kendrick Lamar),2023-05-19,True,62,6l8mgVN9Xf1hiDIFGA6CTE,260962,https://i.scdn.co/image/ab67616d00001e0278643be90cd7c5ec75675855,0.784,0.7,0.204,126.015,-5.289,0.0396,0.0112,1.76e-05,0.163,False,True,2023,4.349366666666667
Terrace Martin,"Drones (feat. Kendrick Lamar, Snoop Dogg, Ty Dolla $ign & James Fauntleroy)",DRONES,2021-11-05,True,0,3zdsJOO5FIAgukJUMgboV8,265357,https://i.scdn.co/image/ab67616d00001e0248b8a1744d1166c4e48b2cfb,0.758,0.619,0.597,100.916,-4.238,0.108,0.0366,0.0,0.448,False,True,2021,4.422616666666666
Baby Keem,vent (feat. Kendrick Lamar),The Melodic Blue,2021-09-10,True,64,1ITpqT1kDATCtMBwOK7sYn,136572,https://i.scdn.co/image/ab67616d00001e021bfa23b13d0504fb90c37b39,0.896,0.377,0.255,113.886,-5.502,0.0935,0.0123,1.43e-06,0.115,False,True,2021,2.2762
Baby Keem,range brothers (feat. Kendrick Lamar),The Melodic Blue,2021-09-10,True,58,0UTyLmkQgPOEIz95OVAJTR,316733,https://i.scdn.co/image/ab67616d00001e021bfa23b13d0504fb90c37b39,0.667,0.582,0.141,121.972,-5.791,0.267,0.00466,0.0,0.124,False,True,2021,5.278883333333333
Cookin Soul,KDOT FREES (feat. Kendrick Lamar),"Whateva, Vol. 4",2020-12-14,True,19,05zwCq9PsWpbDNLBKwQvY6,125581,https://i.scdn.co/image/ab67616d00001e02cd962e780ee331aa8ba361ed,0.725,0.924,0.574,172.221,-5.049,0.3,0.678,3.96e-06,0.0848,False,True,2020,2.0930166666666667
Busta Rhymes,Look Over Your Shoulder (feat. Kendrick Lamar),Look Over Your Shoulder (feat. Kendrick Lamar),2020-10-29,True,0,5aULAy3NUfelCYKub4mOS9,248810,https://i.scdn.co/image/ab67616d00001e0291006a7926abc8d892f0f932,0.6,0.887,0.681,77.896,-4.345,0.311,0.0438,0.0,0.68,False,True,2020,4.146833333333333
REASON,Show Stop (feat. Kendrick Lamar),New Beginnings,2020-10-09,True,43,4o7sl87Ock4SGA8b3gRR2l,179233,https://i.scdn.co/image/ab67616d00001e023907a711fe2eaf9f50585572,0.751,0.725,0.544,129.977,-4.495,0.0397,0.0755,0.00102,0.12,False,True,2020,2.987216666666667
Raphael Saadiq,Rearview (feat. Kendrick Lamar),Jimmy Lee,2019-08-23,False,11,58W1CiMU6C31p5RTeUyyjN,148373,https://i.scdn.co/image/ab67616d00001e028c45f913d75ae04a12b60d6f,0.738,0.701,0.271,93.055,-7.164,0.0415,0.054,0.127,0.133,False,True,2019,2.4728833333333333
SiR,Hair Down (feat. Kendrick Lamar),Chasing Summer,2019-08-30,True,1,4sFzG7iUlyPmuyASCkre9A,216933,https://i.scdn.co/image/ab67616d00001e02bbee5481e94a03f4fd26fac4,0.793,0.489,0.47,120.097,-10.984,0.284,0.25,0.000101,0.432,False,True,2019,3.61555
Lotus,Mirrors (Thuggin) (feat. Kendrick Lamar),Mirrors (Thuggin),2019-08-16,False,18,3McqlOuQytkdtaMYAicbW5,200000,https://i.scdn.co/image/ab67616d00001e0219e914879c35287d44f6c19a,0.772,0.704,0.575,119.999,-7.324,0.0604,0.0512,9.03e-06,0.147,False,True,2019,3.3333333333333335
Beyoncé,NILE (feat. Kendrick Lamar),The Lion King: The Gift,2019-07-19,False,45,0lboDHM9hSR5j5CFlWDR9k,107204,https://i.scdn.co/image/ab67616d00001e024ccc03169b086af698178a99,0.484,0.457,0.342,83.493,-9.458,0.204,0.738,0.0,0.536,False,True,2019,1.7867333333333333
Dreamville,Under The Sun (with J. Cole & Lute feat. DaBaby) (feat. Kendrick Lamar),Revenge Of The Dreamers III,2019-07-05,True,69,6MF4tRr5lU8qok8IKaFOBE,202040,https://i.scdn.co/image/ab67616d00001e02c0ae820e3b64854de4642101,0.691,0.64,0.163,138.672,-6.441,0.369,0.511,0.0,0.409,False,True,2019,3.3673333333333333
2 Chainz,Momma I Hit A Lick (feat. Kendrick Lamar),Rap Or Go To The League,2019-03-01,True,45,7jKUnzzOGhAlPjr7LkIUlE,173760,https://i.scdn.co/image/ab67616d00001e0284f49cbc39ac1f18422a4d42,0.796,0.467,0.399,179.974,-6.293,0.34,0.202,3.58e-05,0.206,False,True,2019,2.896
Anderson .Paak,Tints (feat. Kendrick Lamar),Oxnard,2018-11-16,True,55,7c3SbTuufigBWURcICnAWy,268400,https://i.scdn.co/image/ab67616d00001e02524aa1b58c9b19480d8ee703,0.805,0.833,0.703,109.076,-6.73,0.12,0.0859,0.0,0.0578,False,True,2018,4.473333333333334
Lil Wayne,Mona Lisa (feat. Kendrick Lamar),Tha Carter V,2018-09-28,True,66,0dbTQYW3Ad1FTzIA9t90E8,324189,https://i.scdn.co/image/ab67616d00001e02bb1138165ad4ec2306f4e886,0.856,0.694,0.489,122.08,-4.393,0.169,0.371,0.0,0.109,False,True,2018,5.40315
Jay Rock,Wow Freestyle (feat. Kendrick Lamar),Redemption,2018-06-15,True,0,12rbR0qoFJQ7rRGzgXrzHy,175213,https://i.scdn.co/image/ab67616d00001e026d7a10a53a81e70629be9aff,0.782,0.633,0.749,150.055,-4.644,0.341,0.0355,0.0,0.0615,False,True,2018,2.9202166666666667
Jay Rock,WIN (feat. Kendrick Lamar),Redemption,2018-06-15,True,57,69WMdZSqdQwFgLVpbMsZ2J,215226,https://i.scdn.co/image/ab67616d00001e02c30d59775ce5ef3f59138f59,0.879,0.595,0.355,125.994,-2.936,0.0889,0.0152,0.0,0.391,False,True,2018,3.5871
Nipsey Hussle,Dedication (feat. Kendrick Lamar),Victory Lap,2018-02-16,True,53,6fIjnWrv46njJHLDAY2JdC,245813,https://i.scdn.co/image/ab67616d00001e02ac271e5d670e92c42bf99237,0.512,0.734,0.168,93.995,-5.448,0.438,0.431,0.0,0.226,False,True,2018,4.096883333333333
Cozz,Hustla’s Story (feat. Kendrick Lamar),Effected,2018-02-13,True,37,4J56uEZtgVjuTi27Rvclag,268371,https://i.scdn.co/image/ab67616d00001e028332ef6f54af77c789e58cbe,0.664,0.834,0.385,140.116,-3.461,0.838,0.236,0.0,0.744,False,True,2018,4.47285
Zacari,Redemption (with Babes Wodumo) (feat. Kendrick Lamar),Black Panther The Album Music From And Inspired By,2018-02-09,True,48,76iVOVsliCHlWqKuDnCfhE,222093,https://i.scdn.co/image/ab67616d00001e02c027ad28821777b00dcaa888,0.778,0.764,0.642,125.062,-7.175,0.127,0.139,0.0274,0.123,False,True,2018,3.70155
SOB X RBE,Paramedic! (feat. Kendrick Lamar),Black Panther The Album Music From And Inspired By,2018-02-09,True,59,2tPcTFiQF9MbVUyjZ3zDhA,219306,https://i.scdn.co/image/ab67616d00001e02c027ad28821777b00dcaa888,0.856,0.653,0.471,97.017,-5.324,0.143,0.178,0.0,0.193,False,True,2018,3.6551
Jorja Smith,I Am (feat. Kendrick Lamar),Black Panther The Album Music From And Inspired By,2018-02-09,True,52,0DJBgBiYeSn6n1AXAkFVE8,208760,https://i.scdn.co/image/ab67616d00001e02c027ad28821777b00dcaa888,0.601,0.582,0.315,148.776,-5.725,0.264,0.143,9.78e-05,0.183,False,True,2018,3.4793333333333334
Vince Staples,Opps (with Yugen Blakrok) (feat. Kendrick Lamar),Black Panther The Album Music From And Inspired By,2018-02-09,True,50,7bUcBztfGqO7cSI2gMZeCI,180893,https://i.scdn.co/image/ab67616d00001e02c027ad28821777b00dcaa888,0.706,0.775,0.848,127.929,-6.819,0.335,0.152,3.4e-05,0.416,False,True,2018,3.014883333333333
ScHoolboy Q,X (with 2 Chainz & Saudi) (feat. Kendrick Lamar),Black Panther The Album Music From And Inspired By,2018-02-09,True,59,4LmAnpjlhWTahvRkYR8xJa,267426,https://i.scdn.co/image/ab67616d00001e02c027ad28821777b00dcaa888,0.776,0.471,0.405,131.018,-8.406,0.253,0.0203,0.0,0.268,False,True,2018,4.4571
The Weeknd,Pray For Me (feat. Kendrick Lamar),The Highlights,2021-02-05,True,75,6huNf4dutXRjJyGn7f5BPS,211420,https://i.scdn.co/image/ab67616d00001e0212a76d1b13ef07188f7dfbc9,0.732,0.678,0.196,100.626,-4.977,0.0886,0.0867,2.41e-05,0.112,False,True,2021,3.5236666666666667
U2,American Soul (feat. Kendrick Lamar),Songs Of Experience (Deluxe Edition),2017-12-01,False,34,6jfpkIQbqY5lraWp0Uo9aQ,261733,https://i.scdn.co/image/ab67616d00001e021721039eb3dfadd939938d70,0.58,0.801,0.371,130.024,-7.854,0.0577,0.0367,2.16e-05,0.261,False,True,2017,4.362216666666667
N.E.R.D,Kites (feat. Kendrick Lamar),NO ONE EVER REALLY DIES,2017-12-15,True,37,65UcBkHqJoIk33vfxqUzvm,290933,https://i.scdn.co/image/ab67616d00001e02be23f47224937c9b57a004b2,0.571,0.725,0.687,200.03,-6.809,0.397,0.104,0.0,0.0856,False,True,2017,4.848883333333333
N.E.R.D,Don't Don't Do It! (feat. Kendrick Lamar),NO ONE EVER REALLY DIES,2017-12-15,True,42,2svutFGaCycRmYc1mWbfQh,257706,https://i.scdn.co/image/ab67616d00001e02be23f47224937c9b57a004b2,0.799,0.871,0.811,77.013,-5.784,0.138,0.12,0.0,0.0688,False,True,2017,4.2951
Jeezy,American Dream (feat. Kendrick Lamar),"American Dream (Feat. J. Cole, Kendrick Lamar)",2017-12-14,True,0,6zDxqK3JUFyLelnMGpYzOj,249040,https://i.scdn.co/image/ab67616d00001e029bba54b6670c0f9423d90751,0.639,0.845,0.615,76.973,-5.707,0.186,0.0603,0.0,0.303,False,True,2017,4.150666666666667
Mike WiLL Made-It,"Perfect Pint (feat. Kendrick Lamar, Gucci Mane & Rae Sremmurd)",Ransom 2,2017-03-24,True,48,3A2OHirUAlQp2x73BJlEDA,240926,https://i.scdn.co/image/ab67616d00001e0287f32427f479a260cd94f8e5,0.741,0.562,0.292,180.068,-5.474,0.165,0.172,0.0,0.0751,False,True,2017,4.015433333333333
YG Hootie,The City (feat. Kendrick Lamar),The City (feat. Kendrick Lamar),2017-10-11,True,15,73jSeqBx0iEL7Hqtcp4UTY,207281,https://i.scdn.co/image/ab67616d00001e0257d86d69da59582b1f9ab853,0.867,0.496,0.265,93.97,-11.415,0.45,0.225,0.0,0.305,False,True,2017,3.4546833333333336
DJ Kay Slay,"Cold Summer (feat. Kendrick Lamar, Mac Miller, Kevin Gates & Rell) (feat. Kendrick Lamar, Mac Miller, Kevin Gates & Rell)","Cold Summer (feat. Kendrick Lamar, Mac Miller, Kevin Gates & Rell)",2017-08-29,True,19,4PsVJAD9nDnunErLsh1FoD,265349,https://i.scdn.co/image/ab67616d00001e02c154da6a3e26085a55bb1a83,0.507,0.872,0.433,82.824,-3.625,0.307,0.0329,0.0,0.201,False,True,2017,4.422483333333333
Rapsody,Power (feat. Kendrick Lamar),Laila’s Wisdom,2017-09-22,True,33,4DxaBl7XTThDb9zRZjIWOB,334786,https://i.scdn.co/image/ab67616d00001e022a1b6193d2f7f69d113a7ed0,0.441,0.854,0.597,81.309,-5.509,0.486,0.00274,0.0,0.175,False,True,2017,5.579766666666667
Vince Staples,Yeah Right (feat. Kendrick Lamar),Big Fish Theory,2017-06-23,True,0,5ZrDbBB4UhYMsPA3xRKOzV,188946,https://i.scdn.co/image/ab67616d00001e0217f513ca86c795609ea29a80,0.669,0.484,0.251,117.929,-9.026,0.121,0.0154,0.0,0.489,False,True,2017,3.1491
SZA,Doves In The Wind (feat. Kendrick Lamar),Ctrl,2017-06-09,True,67,593W4qZOwwdqF6YnimJjL6,266080,https://i.scdn.co/image/ab67616d00001e024c79d5ec52a6d0302f3add25,0.693,0.713,0.615,137.335,-4.489,0.351,0.343,0.0,0.102,False,True,2017,4.434666666666667
Rich The Kid,New Freezer (feat. Kendrick Lamar),The World Is Yours,2018-03-30,True,58,2EgB4n6XyBsuNUbuarr4eG,191937,https://i.scdn.co/image/ab67616d00001e0264353426de6dfe0206f6d1d3,0.885,0.698,0.577,140.07,-9.101,0.364,0.0399,0.0,0.195,False,True,2018,3.19895
Future,Mask Off (feat. Kendrick Lamar) - Remix,FUTURE,2017-06-30,True,59,6dVZCbi9CYtD9LjAHXRjIG,258426,https://i.scdn.co/image/ab67616d00001e02e0b64c8be3c4e804abcb2696,0.72,0.424,0.228,150.01,-11.964,0.387,0.0122,0.0126,0.453,False,True,2017,4.3071
Thundercat,Walk On By (feat. Kendrick Lamar),Drunk,2017-02-24,True,62,6fkL9CjWmjeV6vfDxTp9OZ,199136,https://i.scdn.co/image/ab67616d00001e0285c5e6c686ced3e43bae2748,0.825,0.302,0.747,94.956,-11.651,0.282,0.204,0.0,0.0762,False,True,2017,3.3189333333333333
Travis Scott,Goosebumps (feat. Kendrick Lamar),The Hate U Give (Original Motion Picture Soundtrack),2018-10-12,True,58,6dWf1xaHOmJo7eL9WuSkdL,243840,https://i.scdn.co/image/ab67616d00001e020bffddcd4c83baab8303c44d,0.849,0.629,0.467,130.103,-6.27,0.0475,0.0795,0.0,0.13,False,True,2018,4.064
The Weeknd,Sidewalks (feat. Kendrick Lamar),Starboy,2016-11-25,True,69,4h90qkbnW1Qq6pBhoPvwko,231360,https://i.scdn.co/image/ab67616d00001e024718e2b124f79258be7bc452,0.542,0.72,0.623,149.828,-5.136,0.0628,0.147,0.0,0.348,False,True,2016,3.856
A Tribe Called Quest,Conrad Tokyo (feat. Kendrick Lamar & Jack White),We got it from Here... Thank You 4 Your service,2016-11-11,True,48,3MDcFMG1AYBPcRpYOdwDYl,211986,https://i.scdn.co/image/ab67616d00001e0289450c8e877bf04203b86819,0.676,0.609,0.236,95.245,-7.233,0.0918,0.602,0.0391,0.103,False,True,2016,3.5331
Maroon 5,Don't Wanna Know (feat. Kendrick Lamar),Red Pill Blues (Deluxe),2018-06-15,False,60,1nueTG77MzNkJTKQ0ZdGzT,214265,https://i.scdn.co/image/ab67616d00001e02fc4852898bc6ed85b3e3f89c,0.783,0.611,0.418,100.049,-6.124,0.0695,0.343,0.0,0.0983,False,True,2018,3.571083333333333
Danny Brown,Really Doe (feat. Kendrick Lamar),Really Doe,2016-09-20,False,0,6dNxhBjjZGmn8mBM6KrhtJ,319433,https://i.scdn.co/image/ab67616d00001e0285f67b0d990899a64f283618,0.692,0.983,0.792,75.992,-3.469,0.29,0.0417,0.0,0.21,False,True,2016,5.323883333333334
Mac Miller,"God Is Fair, Sexy Nasty (feat. Kendrick Lamar)",The Divine Feminine,2016-09-16,True,61,6hzbRKhJHo6cfCHSnNaDS8,500960,https://i.scdn.co/image/ab67616d00001e022e92f776279eaf45d14a33fd,0.467,0.41,0.136,95.931,-12.028,0.185,0.328,4.28e-05,0.113,False,True,2016,8.349333333333334
Beyoncé,Freedom (feat. Kendrick Lamar),Lemonade,2016-04-23,False,63,7aBxcRw77817BrkdPChAGY,289760,https://i.scdn.co/image/ab67616d00001e0289992f4d7d4ab94937bf9e23,0.437,0.803,0.406,84.378,-6.412,0.305,0.0376,0.0,0.683,False,True,2016,4.8293333333333335
Sia,The Greatest (feat. Kendrick Lamar),This Is Acting (Deluxe Version),2016-10-21,False,64,7xHWNBFm6ObGEQPaUxHuKO,210226,https://i.scdn.co/image/ab67616d00001e02754b2fddebe7039fdb912837,0.668,0.725,0.729,191.944,-6.127,0.266,0.0102,0.000479,0.0561,False,True,2016,3.5037666666666665
Isaiah Rashad,Wat's Wrong (feat. Zacari & Kendrick Lamar),The Sun's Tirade,2016-09-02,True,65,2RPbEp0DyBVlkRvvYKopO7,330783,https://i.scdn.co/image/ab67616d00001e02ed5e0ac2ad3fd4932103bd19,0.706,0.688,0.313,125.966,-6.357,0.269,0.151,0.0,0.466,False,True,2016,5.51305
DJ Khaled,"Holy Key (feat. Big Sean, Kendrick Lamar & Betty Wright)",Major Key,2016-08-05,True,36,4o1zYFH5QWKu3E4MiC6lgE,281979,https://i.scdn.co/image/ab67616d00001e028c624614f33197bace0e11c4,0.413,0.928,0.469,83.203,-3.671,0.321,0.106,0.0,0.331,False,True,2016,4.69965
ScHoolboy Q,THat Part - Black Hippy Remix (feat. Kendrick Lamar),THat Part (Black Hippy Remix),2016-07-16,True,48,5sqHFfmw7MMc1L85BN8802,288525,https://i.scdn.co/image/ab67616d00001e021acc007f0fabbf6ff37ded75,0.892,0.548,0.262,112.962,-8.449,0.33,0.139,0.0,0.114,False,True,2016,4.80875
ScHoolboy Q,Black THougHts (feat. Kendrick Lamar),Blank Face LP,2016-07-08,True,33,7M9m87NlRxY5YJYgcWrVhR,222320,https://i.scdn.co/image/ab67616d00001e0225475181eb4622ed295f9485,0.726,0.813,0.323,153.998,-6.676,0.344,0.531,2.6e-05,0.135,False,True,2016,3.7053333333333334
Mistah F.A.B.,Survive (feat. Kendrick Lamar),"Son of a Pimp, Pt. 2",2016-05-27,True,18,54nnZSkyVEb5Fabr7105nE,230452,https://i.scdn.co/image/976a2fcc82414ad04f2a72800d34aca6c4fad378,0.597,0.787,0.546,123.814,-4.805,0.318,0.1,0.0,0.127,False,True,2016,3.840866666666667
BJ The Chicago Kid,The New Cupid (feat. Kendrick Lamar),In My Mind,2016-02-19,True,0,45ZtBhpcxjFQG9mX5BwB4l,321080,https://i.scdn.co/image/ab67616d00001e022c3cf67c627fcd83f28cc75d,0.565,0.808,0.563,127.377,-3.394,0.211,0.114,0.0,0.366,False,True,2016,5.351333333333334
Funkadelic,Ain't That Funkin' Kinda Hard on You? (feat. Kendrick Lamar & Ice Cube) - We Ain't Neva Gonna Stop Remix,Ain't That Funkin' Kinda Hard on You? (We Ain't Neva Gonna Stop Remix) [feat. Kendrick Lamar & Ice Cube],2016-03-09,True,43,6SgQIoLn8kpu8J4wfwGWy8,309723,https://i.scdn.co/image/ab67616d00001e0221f49c56c8ff95cb21783c27,0.635,0.874,0.632,89.895,-4.693,0.176,0.156,0.0,0.245,False,True,2016,5.16205
Frank Ocean,Skyline To (feat. Kendrick Lamar),Blonde,2016-08-20,True,67,4xR3MAscflQ262kMeiKshQ,184600,https://i.scdn.co/image/ab67616d00001e02c5649add07ed3720be9d5526,0.43,0.296,0.386,129.048,-13.645,0.0583,0.882,6.21e-06,0.104,False,True,2016,3.0766666666666667
Kanye West,No More Parties In LA (feat. Kendrick Lamar),The Life Of Pablo,2016-06-10,True,70,0zLClc0emc6qUeV1p5nc99,374413,https://i.scdn.co/image/ab67616d00001e022a7db835b912dc5014bd37f4,0.508,0.921,0.681,93.058,-1.644,0.303,0.246,0.0,0.221,False,True,2016,6.240216666666667
Dr. Dre,Deep Water (feat. Kendrick Lamar),Compton,2015-08-21,True,42,7LUOpegdxmYkaHjJXdHuZ3,311360,https://i.scdn.co/image/ab67616d00001e022fc5548485c214ab53477a96,0.705,0.786,0.473,101.995,-5.417,0.355,0.0306,3.27e-05,0.906,False,True,2015,5.189333333333333
Dr. Dre,Darkside/Gone (feat. Kendrick Lamar),Compton,2015-08-21,True,41,5ZEdSY99Mj5U4MIF97EKER,233906,https://i.scdn.co/image/ab67616d00001e022fc5548485c214ab53477a96,0.667,0.782,0.59,80.487,-4.404,0.31,0.0125,0.0,0.0997,False,True,2015,3.898433333333333
Dr. Dre,Genocide (feat. Kendrick Lamar),Compton,2015-08-21,True,39,7GW98M7bhqIqLGpxxStZWP,266506,https://i.scdn.co/image/ab67616d00001e022fc5548485c214ab53477a96,0.585,0.758,0.386,86.629,-3.501,0.186,0.000195,0.0,0.088,False,True,2015,4.441766666666667
King Esko,Murda (feat. Kendrick Lamar),King Esko,2015-09-01,True,0,1HFGtQBnUfFWMtRIuj5uAC,228310,https://i.scdn.co/image/ab67616d00001e02675bd32502dfb1352fe30754,0.554,0.961,0.405,99.033,-2.666,0.203,0.274,0.0,0.275,False,True,2015,3.8051666666666666
The Game,On Me - feat. Kendrick Lamar,The Documentary 2,2015-10-09,True,0,6mUErYj38jotVlhzgGY6vl,285640,https://i.scdn.co/image/ab67616d00001e0248ea20e5a4972e719086cbb0,0.483,0.662,0.664,85.798,-9.18,0.541,0.136,0.0,0.796,False,True,2015,4.760666666666666
Glasses Malone,Thuggin' (feat. Kendrick Lamar),GlassHouse 2: Life Ain't Nuthin But...,2015-09-05,True,15,1s4Peo4fUtOjDwiNhO2Epo,300066,https://i.scdn.co/image/ab67616d00001e0206cf876722aaf0a4daef46f1,0.568,0.667,0.441,113.364,-8.935,0.363,0.173,0.0,0.244,False,True,2015,5.0011
Ty Dolla $ign,"LA (feat. Kendrick Lamar, Brandy & James Fauntleroy)",Free TC,2015-11-13,True,0,2HyjslXPfwBapec3F6FppD,307360,https://i.scdn.co/image/ab67616d00001e026935680dc9ec8cd4b7ca42dc,0.354,0.5,0.321,75.04,-7.159,0.137,0.315,0.0,0.602,False,True,2015,5.1226666666666665
Jay Rock,Easy Bake (feat. Kendrick Lamar & SZA),90059,2015-09-11,True,38,2iXm6lM5KNUHOGP5OQSeyA,291812,https://i.scdn.co/image/ab67616d00001e02793a0d50c1af74449ddfba7a,0.566,0.586,0.619,174.262,-6.741,0.827,0.357,0.0,0.425,False,True,2015,4.863533333333334
Jay Rock,Vice City (feat. Black Hippy) (feat. Kendrick Lamar),90059,2015-09-11,True,50,2SIdGJTWirTxRNEyCp9ocI,283751,https://i.scdn.co/image/ab67616d00001e02793a0d50c1af74449ddfba7a,0.844,0.553,0.511,114.939,-7.284,0.356,0.156,1.32e-06,0.0816,False,True,2015,4.729183333333333
Jonathan Emile,Heaven Help Dem (feat. Kendrick Lamar),The Lover / Fighter Document LP,2015-10-09,False,33,5dnh5AR01W0n8r3gLJAPPP,301363,https://i.scdn.co/image/ab67616d00001e026e67f45fc9315a9b505e59fd,0.323,0.763,0.185,175.462,-5.715,0.172,0.0775,0.0,0.243,False,True,2015,5.022716666666667
Jidenna,Classic Man (feat. Kendrick Lamar) - Remix,Classic Man (feat. Kendrick Lamar) [Remix],2015-06-22,True,45,530J9GupahE2O4a1iVkQxB,235046,https://i.scdn.co/image/ab67616d00001e0213b24a597a9743cc9761fee8,0.851,0.657,0.644,94.036,-5.161,0.0559,0.119,0.0,0.0743,False,True,2015,3.9174333333333333
Bilal,Money Over Love (feat. Kendrick Lamar),In Another Life,2015-06-30,False,0,4l295fn8GUozWoRPDADuxc,164786,https://i.scdn.co/image/ab67616d00001e0277f6182218ed1623d7c9129a,0.424,0.705,0.654,127.315,-5.889,0.185,0.28,2.84e-06,0.141,False,True,2015,2.7464333333333335
Taylor Swift,Bad Blood (feat. Kendrick Lamar),Bad Blood,2015-05-17,False,64,6xsEAm6w9oMQYYg3jkEkMT,200106,https://i.scdn.co/image/ab67616d00001e027941dc6a3a023016acbe3d06,0.654,0.655,0.221,170.16,-7.388,0.106,0.0294,0.0,0.139,False,True,2015,3.3351
Snoop Dogg,I'm Ya Dogg (feat. Kendrick Lamar & Rick Ross),BUSH,2015-05-06,True,33,16utyJfWZGkTWYDobMzND7,278146,https://i.scdn.co/image/ab67616d00001e0208c3397fbd22e078f2a2212e,0.479,0.609,0.513,107.699,-8.678,0.236,0.127,0.0,0.0815,False,True,2015,4.635766666666667
Flying Lotus,Never Catch Me (feat. Kendrick Lamar),You're Dead!,2014-10-06,False,0,6CTG85NJI1Wm60pxTSRNwL,234486,https://i.scdn.co/image/ab67616d00001e02dfa6ba57d446244054f068f4,0.526,0.936,0.283,81.305,-4.576,0.263,0.316,0.000384,0.261,False,True,2014,3.9081
Chris Brown,Autumn Leaves (feat. Kendrick Lamar),X (Expanded Edition),2014-09-16,True,53,7EJ1CjaeHobTNQCJOrFmpZ,268800,https://i.scdn.co/image/ab67616d00001e02d7a62d8635f92472d57d5f8d,0.624,0.6,0.436,73.059,-7.935,0.289,0.326,0.0,0.138,False,True,2014,4.48
Freeway,Fasho (feat. Kendrick Lamar),"Month of Madness, Vol. 7",2014-11-18,True,2,2hMN5P2tTFm3hYfa6bJSN3,262080,https://i.scdn.co/image/ab67616d00001e02ef6b8c136d07daf8f0e5cb9c,0.665,0.638,0.481,89.026,-11.598,0.423,0.073,0.0,0.231,False,True,2014,4.368
Jay Rock,Pay for It (feat. Kendrick Lamar & Chantal),Pay for It (feat. Kendrick Lamar & Chantal),2014-10-27,True,36,3uya2Ph2zB84JMR28vqWK0,242733,https://i.scdn.co/image/ab67616d00001e0239fd06ac9ac6756fb1c8340b,0.371,0.743,0.331,189.766,-8.13,0.354,0.394,5.41e-06,0.123,False,True,2014,4.04555
Mayer Hawthorne,Crime (feat. Kendrick Lamar),Where Does This Door Go (Deluxe Edition),2013-01-01,True,24,34xSlAT7cOUZj5B6bdXgXQ,280400,https://i.scdn.co/image/ab67616d00001e023f8bb8f846f3eff23924768d,0.572,0.771,0.485,94.988,-7.353,0.0499,0.0455,6.31e-05,0.0416,False,True,2013,4.673333333333333
Jasmine V,That’s Me Right There (feat. Kendrick Lamar),That's Me Right There,2014-08-05,False,40,4jMVNbIJ6l6XScHsoLMQX6,208502,https://i.scdn.co/image/ab67616d00001e02cc081da0eb7274e292d93cf8,0.68,0.64,0.675,129.953,-5.542,0.0497,0.0106,0.0,0.059,False,True,2014,3.475033333333333
Ab-Soul,Kendrick Lamar's Interlude (feat. Kendrick Lamar),These Days...,2014-06-24,True,0,6i45eLXuFCXNAXzTpnzwCr,299577,https://i.scdn.co/image/ab67616d00001e02c02154636b128b52c8654fdf,0.435,0.785,0.358,121.73,-6.892,0.194,0.152,0.0,0.438,False,True,2014,4.99295
Mike WiLL Made-It,Buy The World (feat. Kendrick Lamar),Buy The World,2014-06-17,True,45,01A7PEPSnmtixFPfB2UTal,226693,https://i.scdn.co/image/ab67616d00001e0243ac148faa1b021a29e0834c,0.793,0.631,0.231,119.971,-6.109,0.0998,0.0406,0.000478,0.207,False,True,2014,3.778216666666667
SZA,Babylon (feat. Kendrick Lamar),Z,2014-04-08,True,54,6Aj2H0Z0v0JgnSfPEwCgW0,234284,https://i.scdn.co/image/ab67616d00001e0232f1a3721efb2ddfb91b9c82,0.51,0.71,0.367,131.891,-6.891,0.113,0.629,0.0,0.0607,False,True,2014,3.904733333333333
Alicia Keys,It's On Again (feat. Kendrick Lamar) - From The Amazing Spider-Man 2 Soundtrack,It's On Again (feat. Kendrick Lamar) [From The Amazing Spider-Man 2 Soundtrack],2014-04-25,False,56,44EkzAU92xwm30YpD4p31i,229827,https://i.scdn.co/image/ab67616d00001e02097e331884eed1edc8925c6d,0.647,0.687,0.494,110.14,-5.274,0.121,0.06,0.0,0.495,False,True,2014,3.83045
Tame Impala,Backwards (feat. Kendrick Lamar),Divergent: Original Motion Picture Soundtrack,2014-01-01,False,35,58AyPFJSaRDpr6cj2LYFFG,234773,https://i.scdn.co/image/ab67616d00001e0213c813c97d3bdf1ecb360853,0.531,0.95,0.654,150.071,-4.087,0.177,0.059,6.25e-06,0.108,False,True,2014,3.9128833333333333
Ras Kass,"Focus (feat. ProVerb, Latoiya Williams, Kendrick Lamar)",Barmageddon,2013-02-12,True,7,3ZleMz9RX3gDpINe4A7ojJ,216226,https://i.scdn.co/image/ab67616d00001e025e27afce3432aac1ce6bdd8d,0.907,0.641,0.497,108.503,-7.142,0.133,0.0135,1.62e-05,0.0624,False,True,2013,3.6037666666666666
Gunplay,Power Circle (feat. Rick Ross & Kendrick Lamar),"MMG Presents: Self Made, Vol. 2",2012-06-25,True,5,54jGeYL2hUk78OHDDTXfew,516826,https://i.scdn.co/image/ab67616d00001e027069c64cc85fcd37b9d6e8d1,0.586,0.744,0.473,159.985,-6.552,0.396,0.16,0.0,0.277,False,True,2012,8.613766666666667
Rich Gang,100 Favors (feat. Kendrick Lamar),100 Favors,2013-01-01,True,0,0fHy5kmMXGsbaupNXw0zgl,248120,https://i.scdn.co/image/ab67616d00001e02581fca62d7c95f5a2d7c7a12,0.505,0.637,0.0977,73.868,-5.824,0.115,0.225,0.0,0.129,False,True,2013,4.1353333333333335
Bigg Steele,My Boombox (feat. Kendrick Lamar),Skorcezzi,2014-03-04,True,5,67m7F9y62T7B6Qt0Q2QXr1,231601,https://i.scdn.co/image/ab67616d00001e02c82a30739a658c95f53a2847,0.516,0.867,0.521,161.1,-6.759,0.105,0.000175,0.0,0.0824,False,True,2014,3.8600166666666667
Droop-E,Rossi Wine (feat. Kendrick Lamar),Hungry and Humble,2013-07-16,True,28,4xhyLoAlssBTXH0cXqUZPI,252700,https://i.scdn.co/image/ab67616d00001e02dea7c813a96b88fec9494536,0.637,0.778,0.0632,140.007,-7.16,0.104,0.0303,0.0,0.278,False,True,2013,4.211666666666667
Balance,"Fa Sho (feat. Kendrick Lamar, Jay Rock & Freeway)",In Case You Slept,2013-12-17,True,12,1uWkVUZVqH5142GmIZvWWM,259866,https://i.scdn.co/image/ab67616d00001e02a9e1760c097625615da60dda,0.658,0.636,0.429,89.098,-11.69,0.391,0.0832,0.0,0.261,False,True,2013,4.3311
Reek da Villian,Go Off (feat. Kendrick Lamar),Reek What You Sow,2015-10-26,True,0,62IUpguTYDExJQL9wVMVz5,167053,https://i.scdn.co/image/ab67616d00001e02564de3ebb09b852136cfcb90,0.87,0.691,0.551,102.307,-8.931,0.314,0.0632,0.0,0.114,False,True,2015,2.7842166666666666
YG,Really Be (Smokin N Drinkin) (feat. Kendrick Lamar),My Krazy Life,2014-03-18,True,44,09WkOmmVBwqii0dT7SdRTQ,310878,https://i.scdn.co/image/ab67616d00001e02d5e1093f3b6f0a59114a4905,0.766,0.542,0.678,146.026,-8.467,0.392,0.00476,9.27e-06,0.668,False,True,2014,5.1813
Imagine Dragons,Radioactive (feat. Kendrick Lamar),Radioactive,2014-01-01,True,58,69yfbpvmkIaB10msnKT7Q5,276040,https://i.scdn.co/image/ab67616d00001e02d8941843ba4d684f76a94956,0.483,0.894,0.278,139.858,-3.9,0.223,0.0407,0.0,0.282,False,True,2014,4.600666666666666
Eminem,Love Game (feat. Kendrick Lamar),The Marshall Mathers LP2 (Deluxe),2013-11-05,True,0,2HLbZPvi1GHZ8jzLYNltmM,296953,https://i.scdn.co/image/ab67616d00001e024f22365402a62c4f6e1adb44,0.779,0.943,0.696,105.441,-2.524,0.174,0.364,0.0,0.641,False,True,2013,4.949216666666667
Fredo Santana,Jealous (feat. Kendrick Lamar),Trappin Ain't Dead,2013-10-31,True,0,0scD5I6rqJ94Vv2D7ZMwRr,259839,https://i.scdn.co/image/ab67616d00001e024972a7c96d96b0e0a2782663,0.771,0.371,0.215,137.861,-9.796,0.331,0.116,0.0,0.0804,False,True,2013,4.33065
Pusha T,Nosetalgia (feat. Kendrick Lamar),My Name Is My Name,2013-01-01,True,0,5c7yH6ivcTqyHcMkHWTiFY,216053,https://i.scdn.co/image/ab67616d00001e02fe45cac8ac15d3bce1c95f2f,0.574,0.795,0.723,80.975,-3.919,0.318,0.0257,0.0,0.132,False,True,2013,3.6008833333333334
Robin Thicke,Give It 2 U - Remix (feat. Kendrick Lamar),Blurred Lines (Deluxe),2013-01-01,True,26,6SB2sufUkTTb3Ovjw6TELT,257466,https://i.scdn.co/image/ab67616d00001e02bf4733171d920f2a62b24713,0.692,0.83,0.586,127.05,-3.748,0.0619,0.0924,0.0,0.185,False,True,2013,4.2911
King Kendrick,Control (feat. Kendrick Lamar),King Kendrick Diss,2013-01-01,False,0,6LpavSgQBTJmf7KteLNyKI,450163,https://i.scdn.co/image/ab67616d00001e028d550c1a81320d0729f5b903,0.508,0.927,0.737,84.976,-6.12,0.389,0.207,0.0,0.298,False,True,2013,7.502716666666666
Terrace Martin,Triangle Ship (feat. Kendrick Lamar),3ChordFold,2013-08-13,False,18,1TycxSppuyhz7NVbiOs870,340497,https://i.scdn.co/image/ab67616d00001e02c1274d43b13bb2fb3506da2d,0.357,0.47,0.253,171.347,-12.173,0.383,0.0516,0.0,0.118,False,True,2013,5.67495
J. Cole,Forbidden Fruit (feat. Kendrick Lamar),Born Sinner (Deluxe Version),2013-06-18,True,62,1mvDFqbbmgmMmU6U4dIq5m,268666,https://i.scdn.co/image/ab67616d00001e02c1bb124f993488cf21b269fc,0.84,0.504,0.406,110.027,-9.354,0.383,0.546,0.00131,0.211,False,True,2013,4.477766666666667
Tech N9ne,Fragile (feat. Kendrick Lamar),Something Else,2013-07-30,True,54,7L3YDa0Fd8pmzpAyu6EKOS,236373,https://i.scdn.co/image/ab67616d00001e025021c52bfa5ca127b5d35d7f,0.715,0.468,0.673,194.902,-7.664,0.147,0.0994,0.0,0.125,False,True,2013,3.93955
Jhené Aiko,Stay Ready (What A Life) (feat. Kendrick Lamar),Sail Out,2013-01-01,True,75,5nkUIVKqOqdpB6ApKgEMkv,382760,https://i.scdn.co/image/ab67616d00001e02a0fa057b8ad3f3c4969f0c97,0.347,0.493,0.308,82.887,-11.548,0.29,0.455,0.00366,0.127,False,True,2013,6.379333333333333
Nitty Scott,Flower Child (feat. Kendrick Lamar),"The Boombox Diaries, Vol. 1 - EP",2012-08-28,True,0,0C79sQhgGvnJn9oYxQHW4s,202447,https://i.scdn.co/image/ab67616d00001e0245669fef026e3d01bebd0bcd,0.784,0.512,0.705,95.024,-9.058,0.342,0.763,0.0,0.111,False,True,2012,3.3741166666666667
ScHoolboy Q,Collard Greens (feat. Kendrick Lamar),Oxymoron (Deluxe),2014-01-01,True,74,0zO8ctW0UiuOefR87OeJOZ,299960,https://i.scdn.co/image/ab67616d00001e0236977e237a8f70ec6c990636,0.825,0.573,0.66,153.956,-4.872,0.0638,0.0255,9.19e-06,0.205,False,True,2014,4.999333333333333
Quadron,Better Off (feat. Kendrick Lamar),Avalanche,2013-05-31,False,29,2IU9XtrbGviQfWAjg4x9kc,264680,https://i.scdn.co/image/ab67616d00001e02ffb3df1fafad61fa764731a3,0.565,0.432,0.446,176.157,-11.175,0.11,0.672,0.00231,0.0837,False,True,2013,4.411333333333333
Black Hippy,UOENO (feat. Kendrick Lamar),Uoeno,2019-07-22,True,48,4wuqlQXpPpEVRhCCyvoe1u,342285,https://i.scdn.co/image/ab67616d00001e0257939d973a8579b1ddffe15a,0.799,0.547,0.596,124.584,-7.728,0.333,0.516,0.0,0.662,False,True,2019,5.70475
Bridget Kelly,Street Dreamin (feat. Kendrick Lamar),Street Dreamin,2013-01-01,True,0,5T8nNdT27aEpPv62Ss0Dsp,209733,https://i.scdn.co/image/ab67616d00001e021c8261244199dc109783b9ea,0.55,0.883,0.637,186.146,-6.476,0.247,0.0486,0.0,0.252,False,True,2013,3.49555
Talib Kweli,Push Thru (feat. Kendrick Lamar),Push Thru (feat. Kendrick Lamar and Curren$y),2012-01-01,True,25,7HetWRCNDPHhiksK6VrAG1,300800,https://i.scdn.co/image/ab67616d00001e02567c147503e8b84dea587971,0.388,0.739,0.462,74.232,-5.446,0.108,0.0737,1.24e-06,0.069,False,True,2012,5.013333333333334
T.I.,"Memories Back Then (feat. B.o.B, Kendrick Lamar & Kris Stephens)","Memories Back Then (feat. B.o.B, Kendrick Lamar & Kris Stephens)",2013-09-18,True,48,0A2lJqfi04TKDTJYoKBxa9,304320,https://i.scdn.co/image/ab67616d00001e02e16015c3852fce23898e9db1,0.796,0.504,0.221,130.01,-10.989,0.0524,0.115,0.0,0.136,False,True,2013,5.072
Kid Cudi,Solo Dolo Part II (feat. Kendrick Lamar),Indicud,2013-04-12,True,42,6IPZkjmCvqDY3RVCkRxr9r,214440,https://i.scdn.co/image/ab67616d00001e02b9ab5cc935d2327a7d2bc629,0.731,0.895,0.293,105.192,-5.526,0.295,0.149,2.62e-05,0.185,False,True,2013,3.574
50 Cent,We Up (feat. Kendrick Lamar),We Up,2013-01-01,True,47,4VnYL2m6J9kWrBSw22CXwx,198773,https://i.scdn.co/image/ab67616d00001e02948a552456f234d906bf2c93,0.746,0.756,0.416,103.08,-6.678,0.325,0.533,0.0,0.0803,False,True,2013,3.312883333333333
Miguel,How Many Drinks? (feat. Kendrick Lamar),How Many Drinks? (feat. Kendrick Lamar),2013-04-10,True,47,2dDCkXBbVDI4YR21lrQRK6,270160,https://i.scdn.co/image/ab67616d00001e02020ef0c83997cf3f8c4badf7,0.425,0.6,0.24,88.767,-7.016,0.159,0.0033,4.05e-05,0.127,False,True,2013,4.502666666666666
The Lonely Island,YOLO (feat. Kendrick Lamar),The Wack Album,2013-01-01,False,24,5KGLJFlE9iAjKubfW07ZZy,184640,https://i.scdn.co/image/ab67616d00001e02e96f151ce90b66c152ec1fbc,0.611,0.871,0.66,160.032,-3.003,0.275,0.0284,0.0,0.157,False,True,2013,3.0773333333333333
A$AP Rocky,"1Train (feat. Kendrick Lamar, Joey Bada$$, Yelawolf, Danny Brown, Action Bronson & Big K.R.I.T.)",LONG.LIVE.A$AP (Deluxe Version),2013-01-01,True,62,1eLU27PPFxBhbp1CBjPh9J,372173,https://i.scdn.co/image/ab67616d00001e022ae92030b51fb8135d694af9,0.489,0.878,0.775,81.497,-3.36,0.368,0.351,0.0,0.698,False,True,2013,6.202883333333333
Dido,Let Us Move On (feat. Kendrick Lamar),Girl Who Got Away (Expanded Edition),2013-03-04,False,32,6zZ1sPk865qtbageCHRjxZ,250360,https://i.scdn.co/image/ab67616d00001e024152de27d85f3fa7838e1184,0.597,0.69,0.227,87.051,-7.276,0.0422,0.00482,0.000749,0.171,False,True,2013,4.172666666666666
The Game,See No Evil (feat. Kendrick Lamar),Jesus Piece,2012-01-01,True,0,3uDqWDYpdWRmLrKUavldAw,284306,https://i.scdn.co/image/ab67616d00001e0267b69f4b53f05c6a7501cc66,0.484,0.456,0.0763,157.21,-9.057,0.292,0.551,0.0,0.144,False,True,2012,4.738433333333333
Pac Div,Cross-Trainers (feat. Kendrick Lamar & Blu),The Div / GMB,2015-05-19,True,0,2PESE8ilPrfmPeaLdMoP6t,264293,https://i.scdn.co/image/ab67616d00001e02999ee0e9322e50c05d202744,0.526,0.927,0.452,89.787,-3.179,0.259,0.00521,0.0,0.273,False,True,2015,4.404883333333333
A$AP Rocky,"F**kin' Problems (feat. Drake, 2 Chainz & Kendrick Lamar)",LONG.LIVE.A$AP (Deluxe Version),2013-01-11,True,2,4XoP1AkbOurU9CeZ2rMEz2,233786,https://i.scdn.co/image/ab67616d00001e023265ed162fa2dd5ec6434ee4,0.869,0.687,0.668,96.006,-6.816,0.263,0.0208,1e-06,0.114,False,True,2013,3.8964333333333334
ZZ Ward,Cryin Wolf (feat. Kendrick Lamar),Til the Casket Drops,2012-01-01,False,27,63q8MyDPEfsLZlas5oJw8Z,241213,https://i.scdn.co/image/ab67616d00001e02b02f642851816d9384b90aa6,0.793,0.578,0.433,116.962,-6.813,0.0907,0.128,0.00104,0.29,False,True,2012,4.020216666666666
Birdman,B-Boyz (feat. Kendrick Lamar),B-Boyz,2012-01-01,True,11,2pgzZ7VrMR6E3LbRNlsMdl,313720,https://i.scdn.co/image/ab67616d00001e021021a7bdeff5961c106d1266,0.579,0.897,0.546,143.124,-4.368,0.232,0.0176,4.2e-06,0.317,False,True,2012,5.228666666666666
DJ Khaled,They Ready (feat. Kendrick Lamar),Kiss The Ring (Deluxe),2012-01-01,True,0,5T7KGjaUeMJjFpRUibdMtB,194253,https://i.scdn.co/image/ab67616d00001e0297c557e5bfc8e8cf8ab880c4,0.601,0.887,0.724,151.893,-3.623,0.347,0.101,0.0,0.403,False,True,2012,3.23755
Infamous DJ Haze,I'm Ghost (feat. Kendrick Lamar),I'm Ghost,2012-03-26,False,5,5o5t7ykYl224QyA4k0SwKj,165825,https://i.scdn.co/image/ab67616d00001e022bc90a19d262aa4747e05fbe,0.53,0.797,0.61,96.066,-7.006,0.243,0.0502,0.0,0.883,False,True,2012,2.76375
E-40,Catch A Fade (feat. Kendrick Lamar),The Block Brochure: Jumbo Pack,2015-05-04,True,0,6eJCN7ln9nOXoe6nV60CnO,248559,https://i.scdn.co/image/ab67616d00001e0244d415428972998ae78ed971,0.584,0.677,0.469,81.992,-6.985,0.334,0.114,0.0,0.388,False,True,2015,4.14265
Frank Anthony,Live in My Bed (feat. Kendrick Lamar),Live in My Bed (feat. Kendrick Lamar),2013-01-07,True,2,7Ca6kyvnZrXDJIlYXGxcyJ,296464,https://i.scdn.co/image/ab67616d00001e02b823acd0b0c4f8501b77558f,0.583,0.867,0.343,128.062,-3.061,0.0451,0.162,0.0,0.423,False,True,2013,4.941066666666667
Lyn Charles,Star Life (feat. Kendrick Lamar),Star Life (feat. Kendrick Lamar),2012-03-04,False,21,2ZblN6mtRfOB3sS8Z8bLY6,209059,https://i.scdn.co/image/ab67616d00001e02662e0130f39fedfc96765269,0.789,0.933,0.412,122.152,-1.871,0.258,0.0451,1.13e-06,0.314,False,True,2012,3.4843166666666665
Melo Kan,You Don't Like (feat. Kendrick Lamar),Mama's Only Sun,2012-03-20,False,41,3KiHviQnMqQqvbQ7Bo6ZS0,208806,https://i.scdn.co/image/ab67616d00001e023a9ef4df859b0f0ab5eab052,0.648,0.864,0.762,150.906,-5.099,0.301,0.304,0.0,0.38,False,True,2012,3.4801
DJ Drama,"My Way (feat. Common, Lloyd & Kendrick Lamar)",Quality Street Music,2012-10-02,True,0,5R5P99xkLarzSolqb7xd7k,218386,https://i.scdn.co/image/ab67616d00001e02ebe298eb7e5c38bd1d6668aa,0.715,0.439,0.319,82.072,-7.596,0.157,0.132,0.0,0.106,False,True,2012,3.6397666666666666
Meek Mill,A1 Everything (feat. Kendrick Lamar),Dreamchasers 2,2012-05-07,True,36,07gbvH9nMYyZr92vbiicCi,173400,https://i.scdn.co/image/ab67616d00001e023e1a2db813bd01027106e470,0.511,0.597,0.806,85.602,-9.88,0.377,0.00607,0.0,0.297,False,True,2012,2.89
Skeme,I Remember (feat. Kendrick Lamar),Alive & Living,2012-10-16,True,0,6eTwu8I7nosvp2AhMlJz2m,290299,https://i.scdn.co/image/ab67616d00001e0243fd9fb774cd2714aa42c3b6,0.713,0.859,0.772,167.132,-6.407,0.234,0.0877,0.0,0.113,False,True,2012,4.838316666666667
Ab-Soul,Black Lip Bastard (Rmx) (feat. Black Hippy) (feat. Kendrick Lamar),Control System,2012-05-11,True,35,1waF10M9885TamPSsiK3hs,348783,https://i.scdn.co/image/ab67616d00001e02758f24ced78e29586d931404,0.513,0.902,0.583,76.415,-1.354,0.37,0.155,0.0,0.689,False,True,2012,5.81305
Ab-Soul,Illuminate (feat. Kendrick Lamar),Control System,2012-05-11,True,51,3tK9aXMLi2QSMvxAS7rpv5,306730,https://i.scdn.co/image/ab67616d00001e02758f24ced78e29586d931404,0.719,0.855,0.504,132.83,-5.977,0.39,0.384,0.0,0.0696,False,True,2012,5.112166666666667
Mac Miller,Fight the Feeling (feat. Kendrick Lamar),Macadelic (Remastered Edition),2012-03-23,True,1,2w9htZtkcbR48NCWzXjfvb,301769,https://i.scdn.co/image/ab67616d00001e02908afd2dae7320208da889fd,0.569,0.881,0.811,148.067,-5.873,0.365,0.111,0.0,0.655,False,True,2012,5.029483333333333
BJ The Chicago Kid,His Pain (feat. Kendrick Lamar),Pineapple Now-Laters,2012-02-21,False,19,2uujJLrRplaQMkEx8CybZ8,329000,https://i.scdn.co/image/ab67616d00001e020cab3da75575f40a3e32c234,0.447,0.422,0.77,165.695,-11.076,0.167,0.872,5.6e-06,0.102,False,True,2012,5.483333333333333
B.o.B,I'm On 2.0 (feat. Kendrick Lamar),Black Print,2012-09-18,True,34,2pMOLATPaYxPeeU1XfH7Ss,301053,https://i.scdn.co/image/ab67616d00001e0235fcc6a9751f2a90847a4495,0.529,0.826,0.632,138.631,-6.674,0.325,0.13,0.0,0.394,False,True,2012,5.01755
AWOLNATION,Sail - Tde Remix (feat. Kendrick Lamar & Ab Soul),Megalithic Symphony Deluxe,2011-01-01,False,0,62DDZO6qytqQj7VCTwosOF,240779,https://i.scdn.co/image/ab67616d00001e025a41b6c530b167ffba6a92f5,0.609,0.669,0.488,89.99,-7.157,0.072,0.0238,1.5e-05,0.0897,False,True,2011,4.012983333333334
8 Ounz,College Girls (feat. Kendrick Lamar),"Hip Hop Had a Dream: The World Wide Tape, Vol. 2",2012-03-05,True,11,5MDvjyhIVrl7Lt8z0YEflo,273737,https://i.scdn.co/image/ab67616d00001e029144d3416fbeae0941270b4c,0.788,0.787,0.757,93.965,-4.665,0.243,0.246,0.0,0.745,False,True,2012,4.562283333333333
Terrace Martin,Give Me Some Of You (feat. Kendrick Lamar),"Here, My Dear",2011-12-13,True,26,2CAeV2xbF3kAKbScwBQUXF,154800,https://i.scdn.co/image/ab67616d00001e02b490bbe26dcd314811bbcf03,0.636,0.724,0.592,190.355,-6.924,0.238,0.0697,0.0,0.188,False,True,2011,2.58
Terrace Martin,I Had No Idea (feat. Kendrick Lamar),"Here, My Dear",2011-12-13,True,18,3OMXlsNh8VKBHtueWYghSh,223160,https://i.scdn.co/image/ab67616d00001e02b490bbe26dcd314811bbcf03,0.472,0.496,0.346,150.365,-11.712,0.158,0.215,1.91e-06,0.0897,False,True,2011,3.719333333333333
Casey Veggies,Ridin' Roun Town (Remix) (feat. Kendrick Lamar),Sleeping in Class,2011-09-20,False,22,5JWZ96zO5tirwJiiBEbxFR,405747,https://i.scdn.co/image/ab67616d00001e02e1f44aa720c8bdcf4176605e,0.559,0.845,0.448,142.0,-4.486,0.23,0.000692,0.0,0.309,False,True,2011,6.76245
Terrace Martin,Do It Again (feat. Kendrick Lamar),Locke High 2,2011-10-25,True,24,6tjxsNiHSu2XhtTwlIauIG,251239,https://i.scdn.co/image/ab67616d00001e0279f2ccf58d4d9044bb61fe40,0.854,0.587,0.793,126.031,-10.013,0.219,0.122,0.0,0.232,False,True,2011,4.187316666666667
Terrace Martin,Reasons For Seasons (feat. Kendrick Lamar),Locke High 2,2011-10-25,True,14,1ap0EZeDrx2G6D6SoZVhTS,207292,https://i.scdn.co/image/ab67616d00001e0279f2ccf58d4d9044bb61fe40,0.486,0.648,0.602,85.752,-9.429,0.364,0.0905,0.0,0.137,False,True,2011,3.4548666666666668
Drake,Buried Alive Interlude (feat. Kendrick Lamar),Take Care (Deluxe),2011-11-15,True,56,1ZyudLFv35SRvY5SvTZqJx,150960,https://i.scdn.co/image/ab67616d00001e02c7ea04a9b455e3f68ef82550,0.711,0.543,0.801,102.01,-12.692,0.112,0.412,0.0,0.505,False,True,2011,2.516
Shwayze,Over and Over (feat. Kendrick Lamar & Sophie Stern),Island in the Sun,2011-09-13,True,0,3xmeva3dILhNSMe2aLda08,330176,https://i.scdn.co/image/ab67616d00001e0207416fe293339b6421a0e666,0.694,0.778,0.636,150.026,-5.759,0.083,0.355,0.0,0.142,False,True,2011,5.502933333333333
9th Wonder,"Enjoy (West Coastin) (feat. Warren G, Murs & Kendrick Lamar)",The Wonder Years,2011-09-27,True,29,7B1uCXXvHll5iglHyp4CkP,203388,https://i.scdn.co/image/ab67616d00001e02878fdbe5118f66ab7dea3fd9,0.801,0.728,0.796,88.704,-6.221,0.359,0.0347,0.0,0.096,False,True,2011,3.3898
Smoke DZA,How Far We Go (Uptown 81) (feat. Kendrick Lamar),The Hustler's Catalog,2011-04-10,True,0,2Hqa8dOzF4vNQBj6z10HQl,208120,https://i.scdn.co/image/ab67616d00001e02550b6f5a96da04704a6745ca,0.531,0.974,0.529,82.892,-3.863,0.428,0.227,0.0,0.0722,False,True,2011,3.4686666666666666
Smoke DZA,Ball Game (feat. Kendrick Lamar),Rolling Stoned,2011-08-30,True,0,5Q5ke86MJ7VsB0SrQwia5O,144870,https://i.scdn.co/image/ab67616d00001e02de915c6fddb046eae2b5d7b7,0.457,0.942,0.675,80.248,-3.711,0.43,0.44,0.0716,0.078,False,True,2011,2.4145
Tech N9ne,I Love Music (feat. Kendrick Lamar),All 6's And 7's,2011-06-07,True,26,6YCjFXmg82VWvvZOinpaxI,226813,https://i.scdn.co/image/ab67616d00001e026a0b17b302637c4094433f09,0.652,0.874,0.848,91.639,-3.504,0.332,0.217,0.0,0.273,False,True,2011,3.7802166666666666
XV,Textbook Stuff (feat. Kendrick Lamar),Zero Heroes,2022-04-15,True,0,1jVarrWzkKnfQVI67E7WTT,247428,https://i.scdn.co/image/ab67616d00001e023f86c9e8c6a392efdddc212b,0.531,0.855,0.253,173.872,-7.635,0.342,0.0635,0.0,0.122,False,True,2022,4.1238
Rapper Big Pooh,RapperPooh-a-lude (feat. Kendrick Lamar),FatBoyFresh Vol. 1: For Members Only,2011-04-05,True,19,6ElQRz1lyOxDnrKFa61QV0,255895,https://i.scdn.co/image/ab67616d00001e02c35ac0a72c1e4f1caf29fae1,0.742,0.544,0.204,91.042,-10.727,0.539,0.0673,0.0,0.0764,False,True,2011,4.264916666666666
Consequence,Up Against The Wall (feat. Roc Marci & Kendrick Lamar),Movies on Demand 2,2011-07-29,False,41,1E3aKOxdp5Qu5WtrdWaGbF,275265,https://i.scdn.co/image/ab67616d00001e02c8200759976d9c2517060494,0.513,0.915,0.727,80.815,-5.528,0.295,0.318,0.0,0.758,False,True,2011,4.58775
Jay Rock,"Say Wassup (feat. Sc Hoolboy Q, Ab Soul & Kendrick Lamar)",Follow Me Home,2011-07-26,True,45,2iAPQ5Stbj7CIUThV8Udxq,263346,https://i.scdn.co/image/ab67616d00001e02a3304a767980bcc680874c66,0.757,0.771,0.203,77.024,-4.214,0.285,0.047,0.0,0.291,False,True,2011,4.3891
Jay Rock,Hood Gone Love It (feat. Kendrick Lamar),Follow Me Home,2011-07-26,True,66,6i6cWTCYBOKEdJnWjzm2yk,245466,https://i.scdn.co/image/ab67616d00001e02a3304a767980bcc680874c66,0.636,0.856,0.677,91.81,-3.974,0.312,0.0879,0.0,0.289,False,True,2011,4.0911
Black Hippy,Constipation (feat. Kendrick Lamar),Longterm Mentality,2011-04-05,True,27,6vul391xSdDR66GL0B5I3Y,206937,https://i.scdn.co/image/ab67616d00001e0231770acc5bf39b3d2875fa64,0.7,0.884,0.639,110.066,-5.764,0.242,0.17,8.2e-06,0.199,False,True,2011,3.44895
Ab-Soul,Moscato (feat. Kendrick Lamar),Longterm Mentality,2011-04-05,True,34,6r7TooNgUM1qpUWkzMA0fU,279742,https://i.scdn.co/image/ab67616d00001e0231770acc5bf39b3d2875fa64,0.773,0.644,0.582,124.483,-8.782,0.133,0.245,0.0,0.344,False,True,2011,4.662366666666666
Ab-Soul,Hell Yeah (feat. Kendrick Lamar),Longterm Mentality,2011-04-05,True,21,7c96ddcW9lnRf2BOcmNUEA,256992,https://i.scdn.co/image/ab67616d00001e0231770acc5bf39b3d2875fa64,0.555,0.69,0.305,149.874,-7.987,0.155,0.00477,0.0,0.445,False,True,2011,4.2832
Black Hippy,Rolling Stone (feat. Kendrick Lamar),Setbacks,2011-01-11,True,42,7x9vJE3Xa7mIH106rzO9Tk,216569,https://i.scdn.co/image/ab67616d00001e02b972e856818dbcae8525b545,0.916,0.472,0.229,117.066,-12.263,0.0712,0.0188,0.0,0.167,False,True,2011,3.6094833333333334
ScHoolboy Q,Birds & The Beez (feat. Kendrick Lamar),Setbacks,2011-01-11,True,46,6TLSA1Tmw8RQxvAioq6je6,260026,https://i.scdn.co/image/ab67616d00001e02b972e856818dbcae8525b545,0.554,0.619,0.281,95.919,-10.628,0.269,0.12,0.0,0.341,False,True,2011,4.3337666666666665
ScHoolboy Q,LigHt Years AHead (Sky HigH) (feat. Kendrick Lamar),Setbacks,2011-01-11,True,34,1hjOus1mOUJ5lObEg2I077,251783,https://i.scdn.co/image/ab67616d00001e02b972e856818dbcae8525b545,0.767,0.631,0.77,163.024,-9.03,0.105,0.000602,0.00618,0.0673,False,True,2011,4.196383333333333
The Game,The City (feat. Kendrick Lamar),The R.E.D. Album,2011-01-01,True,42,6m49tZii9UUttOgDozxjI1,341453,https://i.scdn.co/image/ab67616d00001e029694b30f3bf3eb96a95e18da,0.574,0.787,0.302,144.474,-4.147,0.398,0.176,0.0,0.0918,False,True,2011,5.690883333333334
Tae Beast,El Campo Freestyle (feat. Kendrick Lamar),Tae Beast Tape 1,2010-07-01,True,1,1FnWyVYWz8K7zuLvmpUET6,157962,https://i.scdn.co/image/ab67616d00001e02fc26d036937cf2e1760a637d,0.604,0.947,0.884,80.342,-3.269,0.3,0.427,0.0,0.195,False,True,2010,2.6327
Kendrick Lamar,My People (feat. Kendrick Lamar),Bastards Of The Party (Original Motion Picture Soundtrack),2011-08-30,True,0,6KjVDcQFmUf2zgYxmM8Yps,240933,https://i.scdn.co/image/ab67616d00001e020d4911b818e922bdb61ea16e,0.647,0.495,0.502,87.426,-7.17,0.342,0.518,0.0,0.281,False,True,2011,4.01555
Jay Rock,Jay Rock feat. Kendrick Lamar & Major James,From Hood Tales to the Cover of XXL,2010-07-20,True,0,26eqFi54f9O7LJytvbRkje,191893,https://i.scdn.co/image/ab67616d00001e029c8fdf3916eaa468c1feebe9,0.627,0.647,0.674,88.028,-10.611,0.253,0.513,0.0,0.18,False,True,2010,3.1982166666666667
Rapper Big Pooh,"Nothing Less (feat. Ab Soul, Jay Rock & Kendrick Lamar)",Delightful Bars: Apple Turnover Version,2009-03-24,True,0,56emeztyiUrCqYmTV1u6KC,285413,https://i.scdn.co/image/ab67616d00001e0233d73425bda93b69c9678ede,0.645,0.803,0.436,88.625,-6.058,0.466,0.579,0.0,0.199,False,True,2009,4.756883333333334
Jay Rock,Colors (feat. Kendrick Lamar),We Run L.A.,2010-10-05,True,18,5xhZ7WG9wGpzSVBAoRghqN,198582,https://i.scdn.co/image/ab67616d00001e020a94a64a44c802bb293ae7de,0.556,0.814,0.303,158.419,-6.057,0.447,0.0387,0.0,0.3,False,True,2010,3.3097
The Game,The cypha (feat. Kendrick Lamar),Face of L.A.,2011-06-18,False,11,1ruBhCfqjvnE5CaJggzlsh,529293,https://i.scdn.co/image/ab67616d00001e02e5229a6865f74393fcad805f,0.564,0.638,0.749,86.78,-9.969,0.423,0.203,0.0,0.0706,False,True,2011,8.82155
Baby Keem,The Hillbillies (feat. Kendrick Lamar),The Hillbillies,2023-06-05,True,63,1h6w4POXM2LfG4ZD4xUfZQ,204800,https://i.scdn.co/image/ab67616d00001e02c4441140f4483bb1c18fe7ae,0.798,0.618,0.209,150.031,-5.932,0.192,0.0176,0.0,0.12,False,True,2023,3.4133333333333336
Baby Keem,family ties (feat. Kendrick Lamar),The Melodic Blue,2021-08-27,True,66,7Bpx2vsWfQFBACRz4h3IqH,252069,https://i.scdn.co/image/ab67616d00001e02163028c67a1f4a7c0e83a715,0.711,0.611,0.144,134.14,-5.453,0.329,0.00575,0.0,0.231,False,True,2021,4.20115
Mike WiLL Made-It,The Mantra (feat. Pharrell & Kendrick Lamar),Creed II: The Album,2018-11-14,True,35,7mVHy2E0yV3oTnV0OR5uMf,252384,https://i.scdn.co/image/ab67616d00001e02422f9a190a75e8c5482f7455,0.703,0.706,0.43,154.985,-3.797,0.109,0.268,0.0,0.171,False,True,2018,4.2064
