track_id,track_name,artist_name,album_name,release_date,explicit,duration_ms,popularity,danceability,energy,valence,tempo,loudness,speechiness,acousticness,instrumentalness,liveness,album_artwork_url,is_feature,is_album_track
6AI3ezQ4o3HUoP6Dhudph3,Not Like Us,Kendrick Lamar,Not Like Us,2024-05-04,True,274192,88,0.898,0.472,0.214,101.061,-7.001,0.0776,0.0107,0.0,0.141,https://i.scdn.co/image/ab67616d00001e021ea0c62b2339cbf493a999ad,False,False
4S8PxReB1UiDR2F5x1lyIR,meet the grahams,Kendrick Lamar,meet the grahams,2024-05-03,True,392138,71,0.479,0.802,0.602,74.98,-6.252,0.309,0.55,0.00045,0.11,https://i.scdn.co/image/ab67616d00001e02ba8b74f6b8523c328be1bdd2,False,False
77DRzu7ERs0TX3roZcre7Q,euphoria,Kendrick Lamar,euphoria,2024-04-30,True,383639,78,0.831,0.643,0.142,139.948,-5.002,0.11,0.046,0.0,0.084,https://i.scdn.co/image/ab67616d00001e027587213b1be294ac4000f648,False,False
5MMW4CZsZiZt2iuqAXzzWC,The Heart Part 5,Kendrick Lamar,The Heart Part 5,2022-05-08,True,332228,54,0.7,0.812,0.801,97.405,-8.128,0.297,0.183,0.0,0.0756,https://i.scdn.co/image/ab67616d00001e0289877ffdd584dc9b7168044b,False,False
65ES1qwOB577ZnTkizMXJJ,HUMBLE. - SKRILLEX REMIX,"Skrillex, Kendrick Lamar",HUMBLE. (SKRILLEX REMIX),2017-09-29,True,156800,65,0.901,0.934,0.868,150.037,-2.345,0.273,0.00794,7.68e-05,0.194,https://i.scdn.co/image/ab67616d00001e02bd01ceabd584855b2edd838d,False,False
1zayuwd1YLZsYDArkruHdL,The Heart Part 4,Kendrick Lamar,The Heart Part 4,2017-03-24,True,288554,47,0.669,0.434,0.55,129.326,-15.218,0.714,0.501,0.000125,0.271,https://i.scdn.co/image/ab67616d00001e02a688d4b1d37067e0e92fc886,False,False
6QvxTX9zvo4u7XhP9vOP3n,untitled 07 | levitate,Kendrick Lamar,untitled 07 | levitate,2016-03-23,True,146466,49,0.79,0.47,0.53,126.992,-8.594,0.223,0.49,0.0,0.0884,https://i.scdn.co/image/ab67616d00001e0295c7e3e167ae665f4a95bdf7,False,False
2kB3E1ne5D9EUguk7yct9g,Swimming Pools (Drank) - Black Hippy Remix,Kendrick Lamar,Swimming Pools (Drank) [Black Hippy Remix],2015-03-10,True,314893,35,0.709,0.525,0.303,73.912,-6.483,0.458,0.0478,0.0,0.103,https://i.scdn.co/image/ab67616d00001e0200744ad014439d488e458c59,False,False
6AdLUPGOVpHT4LAiWYktH0,County Building Blues,Kendrick Lamar,County Building Blues,2015-03-10,True,257706,45,0.499,0.778,0.586,105.091,-5.258,0.21,0.0523,0.0,0.0769,https://i.scdn.co/image/ab67616d00001e02db0131d989e948519937aa34,False,False
7wdzLe2Gsx1RGqbvYZHASz,i,Kendrick Lamar,i,2014-09-23,True,231933,67,0.755,0.884,0.897,121.927,-5.296,0.0638,0.0208,2.97e-06,0.248,https://i.scdn.co/image/ab67616d00001e026d89f336fbfbdf2089701da0,False,False
2Xjvo0g3jPZB8QgTmRv5oU,Two Presidents (feat. Kendrick Lamar),YG Hootie,Two Presidents,2013-12-03,True,230038,33,0.823,0.529,0.566,124.056,-7.041,0.252,0.477,0.0,0.104,https://i.scdn.co/image/ab67616d00001e026f7907fd1f9b2112a76ae361,True,False
0WkQfxU3podAt3UAenbzPd,"My People (feat. Jay Rock) (""Bastards of the Party"" Original Soundtrack Version)","Kendrick Lamar, Jay Rock","My People (feat. Jay Rock) (""Bastards of the Party"" Original Soundtrack Version)",2011-08-16,True,241086,37,0.738,0.484,0.49,87.922,-7.473,0.287,0.593,0.0,0.273,https://i.scdn.co/image/ab67616d00001e02471f3f28f660290c72fad4b6,True,False
2tudvzsrR56uom6smgOcSf,Like That (feat. Kendrick Lamar),Future,WE DON'T TRUST YOU,2024-03-22,True,267706,83,0.814,0.676,0.312,162.012,-4.67,0.231,0.00709,1.28e-05,0.119,https://i.scdn.co/image/ab67616d00001e02a46b07c291e6dfdee13b3ee8,True,False
0D3Myb8AY4siH5migv1lDg,Kali Love (feat. Kendrick Lamar),YG Hootie,Bompton King,2023-12-13,True,195623,31,0.842,0.548,0.68,94.008,-13.688,0.0575,0.201,1.13e-05,0.329,https://i.scdn.co/image/ab67616d00001e026bfd43bc7d0bee5bb30596ab,True,False
6qAcApH8obo8eqatCKUHd9,Bad Blood (feat. Kendrick Lamar) (Taylor's Version),Taylor Swift,1989 (Taylor's Version) [Deluxe],2023-10-27,False,199773,70,0.604,0.644,0.197,170.088,-6.931,0.0889,0.0143,0.0,0.237,https://i.scdn.co/image/ab67616d00001e02dc2bacae1dca83d26e2b1949,True,False
6l8mgVN9Xf1hiDIFGA6CTE,AMERICA HAS A PROBLEM (feat. Kendrick Lamar),Beyoncé,AMERICA HAS A PROBLEM (feat. Kendrick Lamar),2023-05-19,True,260962,62,0.784,0.7,0.204,126.015,-5.289,0.0396,0.0112,1.76e-05,0.163,https://i.scdn.co/image/ab67616d00001e0278643be90cd7c5ec75675855,True,False
3zdsJOO5FIAgukJUMgboV8,"Drones (feat. Kendrick Lamar, Snoop Dogg, Ty Dolla $ign & James Fauntleroy)",Terrace Martin,DRONES,2021-11-05,True,265357,0,0.758,0.619,0.597,100.916,-4.238,0.108,0.0366,0.0,0.448,https://i.scdn.co/image/ab67616d00001e0248b8a1744d1166c4e48b2cfb,True,False
1ITpqT1kDATCtMBwOK7sYn,vent (feat. Kendrick Lamar),Baby Keem,The Melodic Blue,2021-09-10,True,136572,64,0.896,0.377,0.255,113.886,-5.502,0.0935,0.0123,1.43e-06,0.115,https://i.scdn.co/image/ab67616d00001e021bfa23b13d0504fb90c37b39,True,False
0UTyLmkQgPOEIz95OVAJTR,range brothers (feat. Kendrick Lamar),Baby Keem,The Melodic Blue,2021-09-10,True,316733,58,0.667,0.582,0.141,121.972,-5.791,0.267,0.00466,0.0,0.124,https://i.scdn.co/image/ab67616d00001e021bfa23b13d0504fb90c37b39,True,False
05zwCq9PsWpbDNLBKwQvY6,KDOT FREES (feat. Kendrick Lamar),Cookin Soul,"Whateva, Vol. 4",2020-12-14,True,125581,19,0.725,0.924,0.574,172.221,-5.049,0.3,0.678,3.96e-06,0.0848,https://i.scdn.co/image/ab67616d00001e02cd962e780ee331aa8ba361ed,True,False
5aULAy3NUfelCYKub4mOS9,Look Over Your Shoulder (feat. Kendrick Lamar),Busta Rhymes,Look Over Your Shoulder (feat. Kendrick Lamar),2020-10-29,True,248810,0,0.6,0.887,0.681,77.896,-4.345,0.311,0.0438,0.0,0.68,https://i.scdn.co/image/ab67616d00001e0291006a7926abc8d892f0f932,True,False
4o7sl87Ock4SGA8b3gRR2l,Show Stop (feat. Kendrick Lamar),REASON,New Beginnings,2020-10-09,True,179233,43,0.751,0.725,0.544,129.977,-4.495,0.0397,0.0755,0.00102,0.12,https://i.scdn.co/image/ab67616d00001e023907a711fe2eaf9f50585572,True,False
58W1CiMU6C31p5RTeUyyjN,Rearview (feat. Kendrick Lamar),Raphael Saadiq,Jimmy Lee,2019-08-23,False,148373,11,0.738,0.701,0.271,93.055,-7.164,0.0415,0.054,0.127,0.133,https://i.scdn.co/image/ab67616d00001e028c45f913d75ae04a12b60d6f,True,False
4sFzG7iUlyPmuyASCkre9A,Hair Down (feat. Kendrick Lamar),SiR,Chasing Summer,2019-08-30,True,216933,1,0.793,0.489,0.47,120.097,-10.984,0.284,0.25,0.000101,0.432,https://i.scdn.co/image/ab67616d00001e02bbee5481e94a03f4fd26fac4,True,False
3McqlOuQytkdtaMYAicbW5,Mirrors (Thuggin) (feat. Kendrick Lamar),Lotus,Mirrors (Thuggin),2019-08-16,False,200000,18,0.772,0.704,0.575,119.999,-7.324,0.0604,0.0512,9.03e-06,0.147,https://i.scdn.co/image/ab67616d00001e0219e914879c35287d44f6c19a,True,False
0lboDHM9hSR5j5CFlWDR9k,NILE (feat. Kendrick Lamar),Beyoncé,The Lion King: The Gift,2019-07-19,False,107204,45,0.484,0.457,0.342,83.493,-9.458,0.204,0.738,0.0,0.536,https://i.scdn.co/image/ab67616d00001e024ccc03169b086af698178a99,True,False
6MF4tRr5lU8qok8IKaFOBE,Under The Sun (with J. Cole & Lute feat. DaBaby) (feat. Kendrick Lamar),Dreamville,Revenge Of The Dreamers III,2019-07-05,True,202040,69,0.691,0.64,0.163,138.672,-6.441,0.369,0.511,0.0,0.409,https://i.scdn.co/image/ab67616d00001e02c0ae820e3b64854de4642101,True,False
7jKUnzzOGhAlPjr7LkIUlE,Momma I Hit A Lick (feat. Kendrick Lamar),2 Chainz,Rap Or Go To The League,2019-03-01,True,173760,45,0.796,0.467,0.399,179.974,-6.293,0.34,0.202,3.58e-05,0.206,https://i.scdn.co/image/ab67616d00001e0284f49cbc39ac1f18422a4d42,True,False
7c3SbTuufigBWURcICnAWy,Tints (feat. Kendrick Lamar),Anderson .Paak,Oxnard,2018-11-16,True,268400,55,0.805,0.833,0.703,109.076,-6.73,0.12,0.0859,0.0,0.0578,https://i.scdn.co/image/ab67616d00001e02524aa1b58c9b19480d8ee703,True,False
0dbTQYW3Ad1FTzIA9t90E8,Mona Lisa (feat. Kendrick Lamar),Lil Wayne,Tha Carter V,2018-09-28,True,324189,66,0.856,0.694,0.489,122.08,-4.393,0.169,0.371,0.0,0.109,https://i.scdn.co/image/ab67616d00001e02bb1138165ad4ec2306f4e886,True,False
12rbR0qoFJQ7rRGzgXrzHy,Wow Freestyle (feat. Kendrick Lamar),Jay Rock,Redemption,2018-06-15,True,175213,0,0.782,0.633,0.749,150.055,-4.644,0.341,0.0355,0.0,0.0615,https://i.scdn.co/image/ab67616d00001e026d7a10a53a81e70629be9aff,True,False
69WMdZSqdQwFgLVpbMsZ2J,WIN (feat. Kendrick Lamar),Jay Rock,Redemption,2018-06-15,True,215226,57,0.879,0.595,0.355,125.994,-2.936,0.0889,0.0152,0.0,0.391,https://i.scdn.co/image/ab67616d00001e02c30d59775ce5ef3f59138f59,True,False
6fIjnWrv46njJHLDAY2JdC,Dedication (feat. Kendrick Lamar),Nipsey Hussle,Victory Lap,2018-02-16,True,245813,53,0.512,0.734,0.168,93.995,-5.448,0.438,0.431,0.0,0.226,https://i.scdn.co/image/ab67616d00001e02ac271e5d670e92c42bf99237,True,False
4J56uEZtgVjuTi27Rvclag,Hustla’s Story (feat. Kendrick Lamar),Cozz,Effected,2018-02-13,True,268371,37,0.664,0.834,0.385,140.116,-3.461,0.838,0.236,0.0,0.744,https://i.scdn.co/image/ab67616d00001e028332ef6f54af77c789e58cbe,True,False
76iVOVsliCHlWqKuDnCfhE,Redemption (with Babes Wodumo) (feat. Kendrick Lamar),Zacari,Black Panther The Album Music From And Inspired By,2018-02-09,True,222093,48,0.778,0.764,0.642,125.062,-7.175,0.127,0.139,0.0274,0.123,https://i.scdn.co/image/ab67616d00001e02c027ad28821777b00dcaa888,True,False
2tPcTFiQF9MbVUyjZ3zDhA,Paramedic! (feat. Kendrick Lamar),SOB X RBE,Black Panther The Album Music From And Inspired By,2018-02-09,True,219306,59,0.856,0.653,0.471,97.017,-5.324,0.143,0.178,0.0,0.193,https://i.scdn.co/image/ab67616d00001e02c027ad28821777b00dcaa888,True,False
0DJBgBiYeSn6n1AXAkFVE8,I Am (feat. Kendrick Lamar),Jorja Smith,Black Panther The Album Music From And Inspired By,2018-02-09,True,208760,52,0.601,0.582,0.315,148.776,-5.725,0.264,0.143,9.78e-05,0.183,https://i.scdn.co/image/ab67616d00001e02c027ad28821777b00dcaa888,True,False
7bUcBztfGqO7cSI2gMZeCI,Opps (with Yugen Blakrok) (feat. Kendrick Lamar),Vince Staples,Black Panther The Album Music From And Inspired By,2018-02-09,True,180893,50,0.706,0.775,0.848,127.929,-6.819,0.335,0.152,3.4e-05,0.416,https://i.scdn.co/image/ab67616d00001e02c027ad28821777b00dcaa888,True,False
4LmAnpjlhWTahvRkYR8xJa,X (with 2 Chainz & Saudi) (feat. Kendrick Lamar),ScHoolboy Q,Black Panther The Album Music From And Inspired By,2018-02-09,True,267426,59,0.776,0.471,0.405,131.018,-8.406,0.253,0.0203,0.0,0.268,https://i.scdn.co/image/ab67616d00001e02c027ad28821777b00dcaa888,True,False
6huNf4dutXRjJyGn7f5BPS,Pray For Me (feat. Kendrick Lamar),The Weeknd,The Highlights,2021-02-05,True,211420,75,0.732,0.678,0.196,100.626,-4.977,0.0886,0.0867,2.41e-05,0.112,https://i.scdn.co/image/ab67616d00001e0212a76d1b13ef07188f7dfbc9,True,False
6jfpkIQbqY5lraWp0Uo9aQ,American Soul (feat. Kendrick Lamar),U2,Songs Of Experience (Deluxe Edition),2017-12-01,False,261733,34,0.58,0.801,0.371,130.024,-7.854,0.0577,0.0367,2.16e-05,0.261,https://i.scdn.co/image/ab67616d00001e021721039eb3dfadd939938d70,True,False
65UcBkHqJoIk33vfxqUzvm,Kites (feat. Kendrick Lamar),N.E.R.D,NO ONE EVER REALLY DIES,2017-12-15,True,290933,37,0.571,0.725,0.687,200.03,-6.809,0.397,0.104,0.0,0.0856,https://i.scdn.co/image/ab67616d00001e02be23f47224937c9b57a004b2,True,False
2svutFGaCycRmYc1mWbfQh,Don't Don't Do It! (feat. Kendrick Lamar),N.E.R.D,NO ONE EVER REALLY DIES,2017-12-15,True,257706,42,0.799,0.871,0.811,77.013,-5.784,0.138,0.12,0.0,0.0688,https://i.scdn.co/image/ab67616d00001e02be23f47224937c9b57a004b2,True,False
6zDxqK3JUFyLelnMGpYzOj,American Dream (feat. Kendrick Lamar),Jeezy,"American Dream (Feat. J. Cole, Kendrick Lamar)",2017-12-14,True,249040,0,0.639,0.845,0.615,76.973,-5.707,0.186,0.0603,0.0,0.303,https://i.scdn.co/image/ab67616d00001e029bba54b6670c0f9423d90751,True,False
3A2OHirUAlQp2x73BJlEDA,"Perfect Pint (feat. Kendrick Lamar, Gucci Mane & Rae Sremmurd)",Mike WiLL Made-It,Ransom 2,2017-03-24,True,240926,48,0.741,0.562,0.292,180.068,-5.474,0.165,0.172,0.0,0.0751,https://i.scdn.co/image/ab67616d00001e0287f32427f479a260cd94f8e5,True,False
73jSeqBx0iEL7Hqtcp4UTY,The City (feat. Kendrick Lamar),YG Hootie,The City (feat. Kendrick Lamar),2017-10-11,True,207281,15,0.867,0.496,0.265,93.97,-11.415,0.45,0.225,0.0,0.305,https://i.scdn.co/image/ab67616d00001e0257d86d69da59582b1f9ab853,True,False
4PsVJAD9nDnunErLsh1FoD,"Cold Summer (feat. Kendrick Lamar, Mac Miller, Kevin Gates & Rell) (feat. Kendrick Lamar, Mac Miller, Kevin Gates & Rell)",DJ Kay Slay,"Cold Summer (feat. Kendrick Lamar, Mac Miller, Kevin Gates & Rell)",2017-08-29,True,265349,19,0.507,0.872,0.433,82.824,-3.625,0.307,0.0329,0.0,0.201,https://i.scdn.co/image/ab67616d00001e02c154da6a3e26085a55bb1a83,True,False
4DxaBl7XTThDb9zRZjIWOB,Power (feat. Kendrick Lamar),Rapsody,Laila’s Wisdom,2017-09-22,True,334786,33,0.441,0.854,0.597,81.309,-5.509,0.486,0.00274,0.0,0.175,https://i.scdn.co/image/ab67616d00001e022a1b6193d2f7f69d113a7ed0,True,False
5ZrDbBB4UhYMsPA3xRKOzV,Yeah Right (feat. Kendrick Lamar),Vince Staples,Big Fish Theory,2017-06-23,True,188946,0,0.669,0.484,0.251,117.929,-9.026,0.121,0.0154,0.0,0.489,https://i.scdn.co/image/ab67616d00001e0217f513ca86c795609ea29a80,True,False
593W4qZOwwdqF6YnimJjL6,Doves In The Wind (feat. Kendrick Lamar),SZA,Ctrl,2017-06-09,True,266080,67,0.693,0.713,0.615,137.335,-4.489,0.351,0.343,0.0,0.102,https://i.scdn.co/image/ab67616d00001e024c79d5ec52a6d0302f3add25,True,False
2EgB4n6XyBsuNUbuarr4eG,New Freezer (feat. Kendrick Lamar),Rich The Kid,The World Is Yours,2018-03-30,True,191937,58,0.885,0.698,0.577,140.07,-9.101,0.364,0.0399,0.0,0.195,https://i.scdn.co/image/ab67616d00001e0264353426de6dfe0206f6d1d3,True,False
6dVZCbi9CYtD9LjAHXRjIG,Mask Off (feat. Kendrick Lamar) - Remix,Future,FUTURE,2017-06-30,True,258426,59,0.72,0.424,0.228,150.01,-11.964,0.387,0.0122,0.0126,0.453,https://i.scdn.co/image/ab67616d00001e02e0b64c8be3c4e804abcb2696,True,False
6fkL9CjWmjeV6vfDxTp9OZ,Walk On By (feat. Kendrick Lamar),Thundercat,Drunk,2017-02-24,True,199136,62,0.825,0.302,0.747,94.956,-11.651,0.282,0.204,0.0,0.0762,https://i.scdn.co/image/ab67616d00001e0285c5e6c686ced3e43bae2748,True,False
6dWf1xaHOmJo7eL9WuSkdL,Goosebumps (feat. Kendrick Lamar),Travis Scott,The Hate U Give (Original Motion Picture Soundtrack),2018-10-12,True,243840,58,0.849,0.629,0.467,130.103,-6.27,0.0475,0.0795,0.0,0.13,https://i.scdn.co/image/ab67616d00001e020bffddcd4c83baab8303c44d,True,False
4h90qkbnW1Qq6pBhoPvwko,Sidewalks (feat. Kendrick Lamar),The Weeknd,Starboy,2016-11-25,True,231360,69,0.542,0.72,0.623,149.828,-5.136,0.0628,0.147,0.0,0.348,https://i.scdn.co/image/ab67616d00001e024718e2b124f79258be7bc452,True,False
3MDcFMG1AYBPcRpYOdwDYl,Conrad Tokyo (feat. Kendrick Lamar & Jack White),A Tribe Called Quest,We got it from Here... Thank You 4 Your service,2016-11-11,True,211986,48,0.676,0.609,0.236,95.245,-7.233,0.0918,0.602,0.0391,0.103,https://i.scdn.co/image/ab67616d00001e0289450c8e877bf04203b86819,True,False
1nueTG77MzNkJTKQ0ZdGzT,Don't Wanna Know (feat. Kendrick Lamar),Maroon 5,Red Pill Blues (Deluxe),2018-06-15,False,214265,60,0.783,0.611,0.418,100.049,-6.124,0.0695,0.343,0.0,0.0983,https://i.scdn.co/image/ab67616d00001e02fc4852898bc6ed85b3e3f89c,True,False
6dNxhBjjZGmn8mBM6KrhtJ,Really Doe (feat. Kendrick Lamar),Danny Brown,Really Doe,2016-09-20,False,319433,0,0.692,0.983,0.792,75.992,-3.469,0.29,0.0417,0.0,0.21,https://i.scdn.co/image/ab67616d00001e0285f67b0d990899a64f283618,True,False
6hzbRKhJHo6cfCHSnNaDS8,"God Is Fair, Sexy Nasty (feat. Kendrick Lamar)",Mac Miller,The Divine Feminine,2016-09-16,True,500960,61,0.467,0.41,0.136,95.931,-12.028,0.185,0.328,4.28e-05,0.113,https://i.scdn.co/image/ab67616d00001e022e92f776279eaf45d14a33fd,True,False
7aBxcRw77817BrkdPChAGY,Freedom (feat. Kendrick Lamar),Beyoncé,Lemonade,2016-04-23,False,289760,63,0.437,0.803,0.406,84.378,-6.412,0.305,0.0376,0.0,0.683,https://i.scdn.co/image/ab67616d00001e0289992f4d7d4ab94937bf9e23,True,False
7xHWNBFm6ObGEQPaUxHuKO,The Greatest (feat. Kendrick Lamar),Sia,This Is Acting (Deluxe Version),2016-10-21,False,210226,64,0.668,0.725,0.729,191.944,-6.127,0.266,0.0102,0.000479,0.0561,https://i.scdn.co/image/ab67616d00001e02754b2fddebe7039fdb912837,True,False
2RPbEp0DyBVlkRvvYKopO7,Wat's Wrong (feat. Zacari & Kendrick Lamar),Isaiah Rashad,The Sun's Tirade,2016-09-02,True,330783,65,0.706,0.688,0.313,125.966,-6.357,0.269,0.151,0.0,0.466,https://i.scdn.co/image/ab67616d00001e02ed5e0ac2ad3fd4932103bd19,True,False
4o1zYFH5QWKu3E4MiC6lgE,"Holy Key (feat. Big Sean, Kendrick Lamar & Betty Wright)",DJ Khaled,Major Key,2016-08-05,True,281979,36,0.413,0.928,0.469,83.203,-3.671,0.321,0.106,0.0,0.331,https://i.scdn.co/image/ab67616d00001e028c624614f33197bace0e11c4,True,False
5sqHFfmw7MMc1L85BN8802,THat Part - Black Hippy Remix (feat. Kendrick Lamar),ScHoolboy Q,THat Part (Black Hippy Remix),2016-07-16,True,288525,48,0.892,0.548,0.262,112.962,-8.449,0.33,0.139,0.0,0.114,https://i.scdn.co/image/ab67616d00001e021acc007f0fabbf6ff37ded75,True,False
7M9m87NlRxY5YJYgcWrVhR,Black THougHts (feat. Kendrick Lamar),ScHoolboy Q,Blank Face LP,2016-07-08,True,222320,33,0.726,0.813,0.323,153.998,-6.676,0.344,0.531,2.6e-05,0.135,https://i.scdn.co/image/ab67616d00001e0225475181eb4622ed295f9485,True,False
54nnZSkyVEb5Fabr7105nE,Survive (feat. Kendrick Lamar),Mistah F.A.B.,"Son of a Pimp, Pt. 2",2016-05-27,True,230452,18,0.597,0.787,0.546,123.814,-4.805,0.318,0.1,0.0,0.127,https://i.scdn.co/image/976a2fcc82414ad04f2a72800d34aca6c4fad378,True,False
45ZtBhpcxjFQG9mX5BwB4l,The New Cupid (feat. Kendrick Lamar),BJ The Chicago Kid,In My Mind,2016-02-19,True,321080,0,0.565,0.808,0.563,127.377,-3.394,0.211,0.114,0.0,0.366,https://i.scdn.co/image/ab67616d00001e022c3cf67c627fcd83f28cc75d,True,False
6SgQIoLn8kpu8J4wfwGWy8,Ain't That Funkin' Kinda Hard on You? (feat. Kendrick Lamar & Ice Cube) - We Ain't Neva Gonna Stop Remix,Funkadelic,Ain't That Funkin' Kinda Hard on You? (We Ain't Neva Gonna Stop Remix) [feat. Kendrick Lamar & Ice Cube],2016-03-09,True,309723,43,0.635,0.874,0.632,89.895,-4.693,0.176,0.156,0.0,0.245,https://i.scdn.co/image/ab67616d00001e0221f49c56c8ff95cb21783c27,True,False
4xR3MAscflQ262kMeiKshQ,Skyline To (feat. Kendrick Lamar),Frank Ocean,Blonde,2016-08-20,True,184600,67,0.43,0.296,0.386,129.048,-13.645,0.0583,0.882,6.21e-06,0.104,https://i.scdn.co/image/ab67616d00001e02c5649add07ed3720be9d5526,True,False
0zLClc0emc6qUeV1p5nc99,No More Parties In LA (feat. Kendrick Lamar),Kanye West,The Life Of Pablo,2016-06-10,True,374413,70,0.508,0.921,0.681,93.058,-1.644,0.303,0.246,0.0,0.221,https://i.scdn.co/image/ab67616d00001e022a7db835b912dc5014bd37f4,True,False
7LUOpegdxmYkaHjJXdHuZ3,Deep Water (feat. Kendrick Lamar),Dr. Dre,Compton,2015-08-21,True,311360,42,0.705,0.786,0.473,101.995,-5.417,0.355,0.0306,3.27e-05,0.906,https://i.scdn.co/image/ab67616d00001e022fc5548485c214ab53477a96,True,False
5ZEdSY99Mj5U4MIF97EKER,Darkside/Gone (feat. Kendrick Lamar),Dr. Dre,Compton,2015-08-21,True,233906,41,0.667,0.782,0.59,80.487,-4.404,0.31,0.0125,0.0,0.0997,https://i.scdn.co/image/ab67616d00001e022fc5548485c214ab53477a96,True,False
7GW98M7bhqIqLGpxxStZWP,Genocide (feat. Kendrick Lamar),Dr. Dre,Compton,2015-08-21,True,266506,39,0.585,0.758,0.386,86.629,-3.501,0.186,0.000195,0.0,0.088,https://i.scdn.co/image/ab67616d00001e022fc5548485c214ab53477a96,True,False
1HFGtQBnUfFWMtRIuj5uAC,Murda (feat. Kendrick Lamar),King Esko,King Esko,2015-09-01,True,228310,0,0.554,0.961,0.405,99.033,-2.666,0.203,0.274,0.0,0.275,https://i.scdn.co/image/ab67616d00001e02675bd32502dfb1352fe30754,True,False
6mUErYj38jotVlhzgGY6vl,On Me - feat. Kendrick Lamar,The Game,The Documentary 2,2015-10-09,True,285640,0,0.483,0.662,0.664,85.798,-9.18,0.541,0.136,0.0,0.796,https://i.scdn.co/image/ab67616d00001e0248ea20e5a4972e719086cbb0,True,False
1s4Peo4fUtOjDwiNhO2Epo,Thuggin' (feat. Kendrick Lamar),Glasses Malone,GlassHouse 2: Life Ain't Nuthin But...,2015-09-05,True,300066,15,0.568,0.667,0.441,113.364,-8.935,0.363,0.173,0.0,0.244,https://i.scdn.co/image/ab67616d00001e0206cf876722aaf0a4daef46f1,True,False
2HyjslXPfwBapec3F6FppD,"LA (feat. Kendrick Lamar, Brandy & James Fauntleroy)",Ty Dolla $ign,Free TC,2015-11-13,True,307360,0,0.354,0.5,0.321,75.04,-7.159,0.137,0.315,0.0,0.602,https://i.scdn.co/image/ab67616d00001e026935680dc9ec8cd4b7ca42dc,True,False
2iXm6lM5KNUHOGP5OQSeyA,Easy Bake (feat. Kendrick Lamar & SZA),Jay Rock,90059,2015-09-11,True,291812,38,0.566,0.586,0.619,174.262,-6.741,0.827,0.357,0.0,0.425,https://i.scdn.co/image/ab67616d00001e02793a0d50c1af74449ddfba7a,True,False
2SIdGJTWirTxRNEyCp9ocI,Vice City (feat. Black Hippy) (feat. Kendrick Lamar),Jay Rock,90059,2015-09-11,True,283751,50,0.844,0.553,0.511,114.939,-7.284,0.356,0.156,1.32e-06,0.0816,https://i.scdn.co/image/ab67616d00001e02793a0d50c1af74449ddfba7a,True,False
5dnh5AR01W0n8r3gLJAPPP,Heaven Help Dem (feat. Kendrick Lamar),Jonathan Emile,The Lover / Fighter Document LP,2015-10-09,False,301363,33,0.323,0.763,0.185,175.462,-5.715,0.172,0.0775,0.0,0.243,https://i.scdn.co/image/ab67616d00001e026e67f45fc9315a9b505e59fd,True,False
530J9GupahE2O4a1iVkQxB,Classic Man (feat. Kendrick Lamar) - Remix,Jidenna,Classic Man (feat. Kendrick Lamar) [Remix],2015-06-22,True,235046,45,0.851,0.657,0.644,94.036,-5.161,0.0559,0.119,0.0,0.0743,https://i.scdn.co/image/ab67616d00001e0213b24a597a9743cc9761fee8,True,False
4l295fn8GUozWoRPDADuxc,Money Over Love (feat. Kendrick Lamar),Bilal,In Another Life,2015-06-30,False,164786,0,0.424,0.705,0.654,127.315,-5.889,0.185,0.28,2.84e-06,0.141,https://i.scdn.co/image/ab67616d00001e0277f6182218ed1623d7c9129a,True,False
6xsEAm6w9oMQYYg3jkEkMT,Bad Blood (feat. Kendrick Lamar),Taylor Swift,Bad Blood,2015-05-17,False,200106,64,0.654,0.655,0.221,170.16,-7.388,0.106,0.0294,0.0,0.139,https://i.scdn.co/image/ab67616d00001e027941dc6a3a023016acbe3d06,True,False
16utyJfWZGkTWYDobMzND7,I'm Ya Dogg (feat. Kendrick Lamar & Rick Ross),Snoop Dogg,BUSH,2015-05-06,True,278146,33,0.479,0.609,0.513,107.699,-8.678,0.236,0.127,0.0,0.0815,https://i.scdn.co/image/ab67616d00001e0208c3397fbd22e078f2a2212e,True,False
6CTG85NJI1Wm60pxTSRNwL,Never Catch Me (feat. Kendrick Lamar),Flying Lotus,You're Dead!,2014-10-06,False,234486,0,0.526,0.936,0.283,81.305,-4.576,0.263,0.316,0.000384,0.261,https://i.scdn.co/image/ab67616d00001e02dfa6ba57d446244054f068f4,True,False
7EJ1CjaeHobTNQCJOrFmpZ,Autumn Leaves (feat. Kendrick Lamar),Chris Brown,X (Expanded Edition),2014-09-16,True,268800,53,0.624,0.6,0.436,73.059,-7.935,0.289,0.326,0.0,0.138,https://i.scdn.co/image/ab67616d00001e02d7a62d8635f92472d57d5f8d,True,False
2hMN5P2tTFm3hYfa6bJSN3,Fasho (feat. Kendrick Lamar),Freeway,"Month of Madness, Vol. 7",2014-11-18,True,262080,2,0.665,0.638,0.481,89.026,-11.598,0.423,0.073,0.0,0.231,https://i.scdn.co/image/ab67616d00001e02ef6b8c136d07daf8f0e5cb9c,True,False
3uya2Ph2zB84JMR28vqWK0,Pay for It (feat. Kendrick Lamar & Chantal),Jay Rock,Pay for It (feat. Kendrick Lamar & Chantal),2014-10-27,True,242733,36,0.371,0.743,0.331,189.766,-8.13,0.354,0.394,5.41e-06,0.123,https://i.scdn.co/image/ab67616d00001e0239fd06ac9ac6756fb1c8340b,True,False
34xSlAT7cOUZj5B6bdXgXQ,Crime (feat. Kendrick Lamar),Mayer Hawthorne,Where Does This Door Go (Deluxe Edition),2013-01-01,True,280400,24,0.572,0.771,0.485,94.988,-7.353,0.0499,0.0455,6.31e-05,0.0416,https://i.scdn.co/image/ab67616d00001e023f8bb8f846f3eff23924768d,True,False
4jMVNbIJ6l6XScHsoLMQX6,That’s Me Right There (feat. Kendrick Lamar),Jasmine V,That's Me Right There,2014-08-05,False,208502,40,0.68,0.64,0.675,129.953,-5.542,0.0497,0.0106,0.0,0.059,https://i.scdn.co/image/ab67616d00001e02cc081da0eb7274e292d93cf8,True,False
6i45eLXuFCXNAXzTpnzwCr,Kendrick Lamar's Interlude (feat. Kendrick Lamar),Ab-Soul,These Days...,2014-06-24,True,299577,0,0.435,0.785,0.358,121.73,-6.892,0.194,0.152,0.0,0.438,https://i.scdn.co/image/ab67616d00001e02c02154636b128b52c8654fdf,True,False
01A7PEPSnmtixFPfB2UTal,Buy The World (feat. Kendrick Lamar),Mike WiLL Made-It,Buy The World,2014-06-17,True,226693,45,0.793,0.631,0.231,119.971,-6.109,0.0998,0.0406,0.000478,0.207,https://i.scdn.co/image/ab67616d00001e0243ac148faa1b021a29e0834c,True,False
6Aj2H0Z0v0JgnSfPEwCgW0,Babylon (feat. Kendrick Lamar),SZA,Z,2014-04-08,True,234284,54,0.51,0.71,0.367,131.891,-6.891,0.113,0.629,0.0,0.0607,https://i.scdn.co/image/ab67616d00001e0232f1a3721efb2ddfb91b9c82,True,False
44EkzAU92xwm30YpD4p31i,It's On Again (feat. Kendrick Lamar) - From The Amazing Spider-Man 2 Soundtrack,Alicia Keys,It's On Again (feat. Kendrick Lamar) [From The Amazing Spider-Man 2 Soundtrack],2014-04-25,False,229827,56,0.647,0.687,0.494,110.14,-5.274,0.121,0.06,0.0,0.495,https://i.scdn.co/image/ab67616d00001e02097e331884eed1edc8925c6d,True,False
58AyPFJSaRDpr6cj2LYFFG,Backwards (feat. Kendrick Lamar),Tame Impala,Divergent: Original Motion Picture Soundtrack,2014-01-01,False,234773,35,0.531,0.95,0.654,150.071,-4.087,0.177,0.059,6.25e-06,0.108,https://i.scdn.co/image/ab67616d00001e0213c813c97d3bdf1ecb360853,True,False
3ZleMz9RX3gDpINe4A7ojJ,"Focus (feat. ProVerb, Latoiya Williams, Kendrick Lamar)",Ras Kass,Barmageddon,2013-02-12,True,216226,7,0.907,0.641,0.497,108.503,-7.142,0.133,0.0135,1.62e-05,0.0624,https://i.scdn.co/image/ab67616d00001e025e27afce3432aac1ce6bdd8d,True,False
54jGeYL2hUk78OHDDTXfew,Power Circle (feat. Rick Ross & Kendrick Lamar),Gunplay,"MMG Presents: Self Made, Vol. 2",2012-06-25,True,516826,5,0.586,0.744,0.473,159.985,-6.552,0.396,0.16,0.0,0.277,https://i.scdn.co/image/ab67616d00001e027069c64cc85fcd37b9d6e8d1,True,False
0fHy5kmMXGsbaupNXw0zgl,100 Favors (feat. Kendrick Lamar),Rich Gang,100 Favors,2013-01-01,True,248120,0,0.505,0.637,0.0977,73.868,-5.824,0.115,0.225,0.0,0.129,https://i.scdn.co/image/ab67616d00001e02581fca62d7c95f5a2d7c7a12,True,False
67m7F9y62T7B6Qt0Q2QXr1,My Boombox (feat. Kendrick Lamar),Bigg Steele,Skorcezzi,2014-03-04,True,231601,5,0.516,0.867,0.521,161.1,-6.759,0.105,0.000175,0.0,0.0824,https://i.scdn.co/image/ab67616d00001e02c82a30739a658c95f53a2847,True,False
4xhyLoAlssBTXH0cXqUZPI,Rossi Wine (feat. Kendrick Lamar),Droop-E,Hungry and Humble,2013-07-16,True,252700,28,0.637,0.778,0.0632,140.007,-7.16,0.104,0.0303,0.0,0.278,https://i.scdn.co/image/ab67616d00001e02dea7c813a96b88fec9494536,True,False
1uWkVUZVqH5142GmIZvWWM,"Fa Sho (feat. Kendrick Lamar, Jay Rock & Freeway)",Balance,In Case You Slept,2013-12-17,True,259866,12,0.658,0.636,0.429,89.098,-11.69,0.391,0.0832,0.0,0.261,https://i.scdn.co/image/ab67616d00001e02a9e1760c097625615da60dda,True,False
62IUpguTYDExJQL9wVMVz5,Go Off (feat. Kendrick Lamar),Reek da Villian,Reek What You Sow,2015-10-26,True,167053,0,0.87,0.691,0.551,102.307,-8.931,0.314,0.0632,0.0,0.114,https://i.scdn.co/image/ab67616d00001e02564de3ebb09b852136cfcb90,True,False
2jpDAw0ehIRhYwYZkJjuRt,Two Presidents (feat. Kendrick Lamar),YG Hootie,Destroy & Rebuild,2014-10-21,True,230000,27,0.76,0.643,0.623,124.097,-5.082,0.244,0.534,0.0,0.102,https://i.scdn.co/image/ab67616d00001e023283897f024bc0cd72227ffe,True,False
09WkOmmVBwqii0dT7SdRTQ,Really Be (Smokin N Drinkin) (feat. Kendrick Lamar),YG,My Krazy Life,2014-03-18,True,310878,44,0.766,0.542,0.678,146.026,-8.467,0.392,0.00476,9.27e-06,0.668,https://i.scdn.co/image/ab67616d00001e02d5e1093f3b6f0a59114a4905,True,False
69yfbpvmkIaB10msnKT7Q5,Radioactive (feat. Kendrick Lamar),Imagine Dragons,Radioactive,2014-01-01,True,276040,58,0.483,0.894,0.278,139.858,-3.9,0.223,0.0407,0.0,0.282,https://i.scdn.co/image/ab67616d00001e02d8941843ba4d684f76a94956,True,False
2HLbZPvi1GHZ8jzLYNltmM,Love Game (feat. Kendrick Lamar),Eminem,The Marshall Mathers LP2 (Deluxe),2013-11-05,True,296953,0,0.779,0.943,0.696,105.441,-2.524,0.174,0.364,0.0,0.641,https://i.scdn.co/image/ab67616d00001e024f22365402a62c4f6e1adb44,True,False
0scD5I6rqJ94Vv2D7ZMwRr,Jealous (feat. Kendrick Lamar),Fredo Santana,Trappin Ain't Dead,2013-10-31,True,259839,0,0.771,0.371,0.215,137.861,-9.796,0.331,0.116,0.0,0.0804,https://i.scdn.co/image/ab67616d00001e024972a7c96d96b0e0a2782663,True,False
5c7yH6ivcTqyHcMkHWTiFY,Nosetalgia (feat. Kendrick Lamar),Pusha T,My Name Is My Name,2013-01-01,True,216053,0,0.574,0.795,0.723,80.975,-3.919,0.318,0.0257,0.0,0.132,https://i.scdn.co/image/ab67616d00001e02fe45cac8ac15d3bce1c95f2f,True,False
6SB2sufUkTTb3Ovjw6TELT,Give It 2 U - Remix (feat. Kendrick Lamar),Robin Thicke,Blurred Lines (Deluxe),2013-01-01,True,257466,26,0.692,0.83,0.586,127.05,-3.748,0.0619,0.0924,0.0,0.185,https://i.scdn.co/image/ab67616d00001e02bf4733171d920f2a62b24713,True,False
6LpavSgQBTJmf7KteLNyKI,Control (feat. Kendrick Lamar),King Kendrick,King Kendrick Diss,2013,False,450163,0,0.508,0.927,0.737,84.976,-6.12,0.389,0.207,0.0,0.298,https://i.scdn.co/image/ab67616d00001e028d550c1a81320d0729f5b903,True,False
1TycxSppuyhz7NVbiOs870,Triangle Ship (feat. Kendrick Lamar),Terrace Martin,3ChordFold,2013-08-13,False,340497,18,0.357,0.47,0.253,171.347,-12.173,0.383,0.0516,0.0,0.118,https://i.scdn.co/image/ab67616d00001e02c1274d43b13bb2fb3506da2d,True,False
1mvDFqbbmgmMmU6U4dIq5m,Forbidden Fruit (feat. Kendrick Lamar),J. Cole,Born Sinner (Deluxe Version),2013-06-18,True,268666,62,0.84,0.504,0.406,110.027,-9.354,0.383,0.546,0.00131,0.211,https://i.scdn.co/image/ab67616d00001e02c1bb124f993488cf21b269fc,True,False
7L3YDa0Fd8pmzpAyu6EKOS,Fragile (feat. Kendrick Lamar),Tech N9ne,Something Else,2013-07-30,True,236373,54,0.715,0.468,0.673,194.902,-7.664,0.147,0.0994,0.0,0.125,https://i.scdn.co/image/ab67616d00001e025021c52bfa5ca127b5d35d7f,True,False
5nkUIVKqOqdpB6ApKgEMkv,Stay Ready (What A Life) (feat. Kendrick Lamar),Jhené Aiko,Sail Out,2013-01-01,True,382760,75,0.347,0.493,0.308,82.887,-11.548,0.29,0.455,0.00366,0.127,https://i.scdn.co/image/ab67616d00001e02a0fa057b8ad3f3c4969f0c97,True,False
0C79sQhgGvnJn9oYxQHW4s,Flower Child (feat. Kendrick Lamar),Nitty Scott,"The Boombox Diaries, Vol. 1 - EP",2012-08-28,True,202447,0,0.784,0.512,0.705,95.024,-9.058,0.342,0.763,0.0,0.111,https://i.scdn.co/image/ab67616d00001e0245669fef026e3d01bebd0bcd,True,False
0zO8ctW0UiuOefR87OeJOZ,Collard Greens (feat. Kendrick Lamar),ScHoolboy Q,Oxymoron (Deluxe),2014-01-01,True,299960,74,0.825,0.573,0.66,153.956,-4.872,0.0638,0.0255,9.19e-06,0.205,https://i.scdn.co/image/ab67616d00001e0236977e237a8f70ec6c990636,True,False
2IU9XtrbGviQfWAjg4x9kc,Better Off (feat. Kendrick Lamar),Quadron,Avalanche,2013-05-31,False,264680,29,0.565,0.432,0.446,176.157,-11.175,0.11,0.672,0.00231,0.0837,https://i.scdn.co/image/ab67616d00001e02ffb3df1fafad61fa764731a3,True,False
4wuqlQXpPpEVRhCCyvoe1u,UOENO (feat. Kendrick Lamar),Black Hippy,Uoeno,2019-07-22,True,342285,48,0.799,0.547,0.596,124.584,-7.728,0.333,0.516,0.0,0.662,https://i.scdn.co/image/ab67616d00001e0257939d973a8579b1ddffe15a,True,False
5T8nNdT27aEpPv62Ss0Dsp,Street Dreamin (feat. Kendrick Lamar),Bridget Kelly,Street Dreamin,2013-01-01,True,209733,0,0.55,0.883,0.637,186.146,-6.476,0.247,0.0486,0.0,0.252,https://i.scdn.co/image/ab67616d00001e021c8261244199dc109783b9ea,True,False
7HetWRCNDPHhiksK6VrAG1,Push Thru (feat. Kendrick Lamar),Talib Kweli,Push Thru (feat. Kendrick Lamar and Curren$y),2012,True,300800,25,0.388,0.739,0.462,74.232,-5.446,0.108,0.0737,1.24e-06,0.069,https://i.scdn.co/image/ab67616d00001e02567c147503e8b84dea587971,True,False
0A2lJqfi04TKDTJYoKBxa9,"Memories Back Then (feat. B.o.B, Kendrick Lamar & Kris Stephens)",T.I.,"Memories Back Then (feat. B.o.B, Kendrick Lamar & Kris Stephens)",2013-09-18,True,304320,48,0.796,0.504,0.221,130.01,-10.989,0.0524,0.115,0.0,0.136,https://i.scdn.co/image/ab67616d00001e02e16015c3852fce23898e9db1,True,False
6IPZkjmCvqDY3RVCkRxr9r,Solo Dolo Part II (feat. Kendrick Lamar),Kid Cudi,Indicud,2013-04-12,True,214440,42,0.731,0.895,0.293,105.192,-5.526,0.295,0.149,2.62e-05,0.185,https://i.scdn.co/image/ab67616d00001e02b9ab5cc935d2327a7d2bc629,True,False
4VnYL2m6J9kWrBSw22CXwx,We Up (feat. Kendrick Lamar),50 Cent,We Up,2013-01-01,True,198773,47,0.746,0.756,0.416,103.08,-6.678,0.325,0.533,0.0,0.0803,https://i.scdn.co/image/ab67616d00001e02948a552456f234d906bf2c93,True,False
2dDCkXBbVDI4YR21lrQRK6,How Many Drinks? (feat. Kendrick Lamar),Miguel,How Many Drinks? (feat. Kendrick Lamar),2013-04-10,True,270160,47,0.425,0.6,0.24,88.767,-7.016,0.159,0.0033,4.05e-05,0.127,https://i.scdn.co/image/ab67616d00001e02020ef0c83997cf3f8c4badf7,True,False
5KGLJFlE9iAjKubfW07ZZy,YOLO (feat. Kendrick Lamar),The Lonely Island,The Wack Album,2013-01-01,False,184640,24,0.611,0.871,0.66,160.032,-3.003,0.275,0.0284,0.0,0.157,https://i.scdn.co/image/ab67616d00001e02e96f151ce90b66c152ec1fbc,True,False
1eLU27PPFxBhbp1CBjPh9J,"1Train (feat. Kendrick Lamar, Joey Bada$$, Yelawolf, Danny Brown, Action Bronson & Big K.R.I.T.)",A$AP Rocky,LONG.LIVE.A$AP (Deluxe Version),2013,True,372173,62,0.489,0.878,0.775,81.497,-3.36,0.368,0.351,0.0,0.698,https://i.scdn.co/image/ab67616d00001e022ae92030b51fb8135d694af9,True,False
6zZ1sPk865qtbageCHRjxZ,Let Us Move On (feat. Kendrick Lamar),Dido,Girl Who Got Away (Expanded Edition),2013-03-04,False,250360,32,0.597,0.69,0.227,87.051,-7.276,0.0422,0.00482,0.000749,0.171,https://i.scdn.co/image/ab67616d00001e024152de27d85f3fa7838e1184,True,False
3uDqWDYpdWRmLrKUavldAw,See No Evil (feat. Kendrick Lamar),The Game,Jesus Piece,2012-01-01,True,284306,0,0.484,0.456,0.0763,157.21,-9.057,0.292,0.551,0.0,0.144,https://i.scdn.co/image/ab67616d00001e0267b69f4b53f05c6a7501cc66,True,False
2PESE8ilPrfmPeaLdMoP6t,Cross-Trainers (feat. Kendrick Lamar & Blu),Pac Div,The Div / GMB,2015-05-19,True,264293,0,0.526,0.927,0.452,89.787,-3.179,0.259,0.00521,0.0,0.273,https://i.scdn.co/image/ab67616d00001e02999ee0e9322e50c05d202744,True,False
4XoP1AkbOurU9CeZ2rMEz2,"F**kin' Problems (feat. Drake, 2 Chainz & Kendrick Lamar)",A$AP Rocky,LONG.LIVE.A$AP (Deluxe Version),2013-01-11,True,233786,2,0.869,0.687,0.668,96.006,-6.816,0.263,0.0208,1e-06,0.114,https://i.scdn.co/image/ab67616d00001e023265ed162fa2dd5ec6434ee4,True,False
63q8MyDPEfsLZlas5oJw8Z,Cryin Wolf (feat. Kendrick Lamar),ZZ Ward,Til the Casket Drops,2012-01-01,False,241213,27,0.793,0.578,0.433,116.962,-6.813,0.0907,0.128,0.00104,0.29,https://i.scdn.co/image/ab67616d00001e02b02f642851816d9384b90aa6,True,False
2pgzZ7VrMR6E3LbRNlsMdl,B-Boyz (feat. Kendrick Lamar),Birdman,B-Boyz,2012-01-01,True,313720,11,0.579,0.897,0.546,143.124,-4.368,0.232,0.0176,4.2e-06,0.317,https://i.scdn.co/image/ab67616d00001e021021a7bdeff5961c106d1266,True,False
5T7KGjaUeMJjFpRUibdMtB,They Ready (feat. Kendrick Lamar),DJ Khaled,Kiss The Ring (Deluxe),2012-01-01,True,194253,0,0.601,0.887,0.724,151.893,-3.623,0.347,0.101,0.0,0.403,https://i.scdn.co/image/ab67616d00001e0297c557e5bfc8e8cf8ab880c4,True,False
5o5t7ykYl224QyA4k0SwKj,I'm Ghost (feat. Kendrick Lamar),Infamous DJ Haze,I'm Ghost,2012-03-26,False,165825,5,0.53,0.797,0.61,96.066,-7.006,0.243,0.0502,0.0,0.883,https://i.scdn.co/image/ab67616d00001e022bc90a19d262aa4747e05fbe,True,False
6eJCN7ln9nOXoe6nV60CnO,Catch A Fade (feat. Kendrick Lamar),E-40,The Block Brochure: Jumbo Pack,2015-05-04,True,248559,0,0.584,0.677,0.469,81.992,-6.985,0.334,0.114,0.0,0.388,https://i.scdn.co/image/ab67616d00001e0244d415428972998ae78ed971,True,False
7Ca6kyvnZrXDJIlYXGxcyJ,Live in My Bed (feat. Kendrick Lamar),Frank Anthony,Live in My Bed (feat. Kendrick Lamar),2013-01-07,True,296464,2,0.583,0.867,0.343,128.062,-3.061,0.0451,0.162,0.0,0.423,https://i.scdn.co/image/ab67616d00001e02b823acd0b0c4f8501b77558f,True,False
2ZblN6mtRfOB3sS8Z8bLY6,Star Life (feat. Kendrick Lamar),Lyn Charles,Star Life (feat. Kendrick Lamar),2012-03-04,False,209059,21,0.789,0.933,0.412,122.152,-1.871,0.258,0.0451,1.13e-06,0.314,https://i.scdn.co/image/ab67616d00001e02662e0130f39fedfc96765269,True,False
3KiHviQnMqQqvbQ7Bo6ZS0,You Don't Like (feat. Kendrick Lamar),Melo Kan,Mama's Only Sun,2012-03-20,False,208806,41,0.648,0.864,0.762,150.906,-5.099,0.301,0.304,0.0,0.38,https://i.scdn.co/image/ab67616d00001e023a9ef4df859b0f0ab5eab052,True,False
5R5P99xkLarzSolqb7xd7k,"My Way (feat. Common, Lloyd & Kendrick Lamar)",DJ Drama,Quality Street Music,2012-10-02,True,218386,0,0.715,0.439,0.319,82.072,-7.596,0.157,0.132,0.0,0.106,https://i.scdn.co/image/ab67616d00001e02ebe298eb7e5c38bd1d6668aa,True,False
07gbvH9nMYyZr92vbiicCi,A1 Everything (feat. Kendrick Lamar),Meek Mill,Dreamchasers 2,2012-05-07,True,173400,36,0.511,0.597,0.806,85.602,-9.88,0.377,0.00607,0.0,0.297,https://i.scdn.co/image/ab67616d00001e023e1a2db813bd01027106e470,True,False
6eTwu8I7nosvp2AhMlJz2m,I Remember (feat. Kendrick Lamar),Skeme,Alive & Living,2012-10-16,True,290299,0,0.713,0.859,0.772,167.132,-6.407,0.234,0.0877,0.0,0.113,https://i.scdn.co/image/ab67616d00001e0243fd9fb774cd2714aa42c3b6,True,False
1waF10M9885TamPSsiK3hs,Black Lip Bastard (Rmx) (feat. Black Hippy) (feat. Kendrick Lamar),Ab-Soul,Control System,2012-05-11,True,348783,35,0.513,0.902,0.583,76.415,-1.354,0.37,0.155,0.0,0.689,https://i.scdn.co/image/ab67616d00001e02758f24ced78e29586d931404,True,False
3tK9aXMLi2QSMvxAS7rpv5,Illuminate (feat. Kendrick Lamar),Ab-Soul,Control System,2012-05-11,True,306730,51,0.719,0.855,0.504,132.83,-5.977,0.39,0.384,0.0,0.0696,https://i.scdn.co/image/ab67616d00001e02758f24ced78e29586d931404,True,False
2w9htZtkcbR48NCWzXjfvb,Fight the Feeling (feat. Kendrick Lamar),Mac Miller,Macadelic (Remastered Edition),2012-03-23,True,301769,1,0.569,0.881,0.811,148.067,-5.873,0.365,0.111,0.0,0.655,https://i.scdn.co/image/ab67616d00001e02908afd2dae7320208da889fd,True,False
2uujJLrRplaQMkEx8CybZ8,His Pain (feat. Kendrick Lamar),BJ The Chicago Kid,Pineapple Now-Laters,2012-02-21,False,329000,19,0.447,0.422,0.77,165.695,-11.076,0.167,0.872,5.6e-06,0.102,https://i.scdn.co/image/ab67616d00001e020cab3da75575f40a3e32c234,True,False
2pMOLATPaYxPeeU1XfH7Ss,I'm On 2.0 (feat. Kendrick Lamar),B.o.B,Black Print,2012-09-18,True,301053,34,0.529,0.826,0.632,138.631,-6.674,0.325,0.13,0.0,0.394,https://i.scdn.co/image/ab67616d00001e0235fcc6a9751f2a90847a4495,True,False
62DDZO6qytqQj7VCTwosOF,Sail - Tde Remix (feat. Kendrick Lamar & Ab Soul),AWOLNATION,Megalithic Symphony Deluxe,2011,False,240779,0,0.609,0.669,0.488,89.99,-7.157,0.072,0.0238,1.5e-05,0.0897,https://i.scdn.co/image/ab67616d00001e025a41b6c530b167ffba6a92f5,True,False
5MDvjyhIVrl7Lt8z0YEflo,College Girls (feat. Kendrick Lamar),8 Ounz,"Hip Hop Had a Dream: The World Wide Tape, Vol. 2",2012-03-05,True,273737,11,0.788,0.787,0.757,93.965,-4.665,0.243,0.246,0.0,0.745,https://i.scdn.co/image/ab67616d00001e029144d3416fbeae0941270b4c,True,False
2CAeV2xbF3kAKbScwBQUXF,Give Me Some Of You (feat. Kendrick Lamar),Terrace Martin,"Here, My Dear",2011-12-13,True,154800,26,0.636,0.724,0.592,190.355,-6.924,0.238,0.0697,0.0,0.188,https://i.scdn.co/image/ab67616d00001e02b490bbe26dcd314811bbcf03,True,False
3OMXlsNh8VKBHtueWYghSh,I Had No Idea (feat. Kendrick Lamar),Terrace Martin,"Here, My Dear",2011-12-13,True,223160,18,0.472,0.496,0.346,150.365,-11.712,0.158,0.215,1.91e-06,0.0897,https://i.scdn.co/image/ab67616d00001e02b490bbe26dcd314811bbcf03,True,False
5JWZ96zO5tirwJiiBEbxFR,Ridin' Roun Town (Remix) (feat. Kendrick Lamar),Casey Veggies,Sleeping in Class,2011-09-20,False,405747,22,0.559,0.845,0.448,142.0,-4.486,0.23,0.000692,0.0,0.309,https://i.scdn.co/image/ab67616d00001e02e1f44aa720c8bdcf4176605e,True,False
6tjxsNiHSu2XhtTwlIauIG,Do It Again (feat. Kendrick Lamar),Terrace Martin,Locke High 2,2011-10-25,True,251239,24,0.854,0.587,0.793,126.031,-10.013,0.219,0.122,0.0,0.232,https://i.scdn.co/image/ab67616d00001e0279f2ccf58d4d9044bb61fe40,True,False
1ap0EZeDrx2G6D6SoZVhTS,Reasons For Seasons (feat. Kendrick Lamar),Terrace Martin,Locke High 2,2011-10-25,True,207292,14,0.486,0.648,0.602,85.752,-9.429,0.364,0.0905,0.0,0.137,https://i.scdn.co/image/ab67616d00001e0279f2ccf58d4d9044bb61fe40,True,False
1ZyudLFv35SRvY5SvTZqJx,Buried Alive Interlude (feat. Kendrick Lamar),Drake,Take Care (Deluxe),2011-11-15,True,150960,56,0.711,0.543,0.801,102.01,-12.692,0.112,0.412,0.0,0.505,https://i.scdn.co/image/ab67616d00001e02c7ea04a9b455e3f68ef82550,True,False
3xmeva3dILhNSMe2aLda08,Over and Over (feat. Kendrick Lamar & Sophie Stern),Shwayze,Island in the Sun,2011-09-13,True,330176,0,0.694,0.778,0.636,150.026,-5.759,0.083,0.355,0.0,0.142,https://i.scdn.co/image/ab67616d00001e0207416fe293339b6421a0e666,True,False
7B1uCXXvHll5iglHyp4CkP,"Enjoy (West Coastin) (feat. Warren G, Murs & Kendrick Lamar)",9th Wonder,The Wonder Years,2011-09-27,True,203388,29,0.801,0.728,0.796,88.704,-6.221,0.359,0.0347,0.0,0.096,https://i.scdn.co/image/ab67616d00001e02878fdbe5118f66ab7dea3fd9,True,False
2Hqa8dOzF4vNQBj6z10HQl,How Far We Go (Uptown 81) (feat. Kendrick Lamar),Smoke DZA,The Hustler's Catalog,2011-04-10,True,208120,0,0.531,0.974,0.529,82.892,-3.863,0.428,0.227,0.0,0.0722,https://i.scdn.co/image/ab67616d00001e02550b6f5a96da04704a6745ca,True,False
5Q5ke86MJ7VsB0SrQwia5O,Ball Game (feat. Kendrick Lamar),Smoke DZA,Rolling Stoned,2011-08-30,True,144870,0,0.457,0.942,0.675,80.248,-3.711,0.43,0.44,0.0716,0.078,https://i.scdn.co/image/ab67616d00001e02de915c6fddb046eae2b5d7b7,True,False
6YCjFXmg82VWvvZOinpaxI,I Love Music (feat. Kendrick Lamar),Tech N9ne,All 6's And 7's,2011-06-07,True,226813,26,0.652,0.874,0.848,91.639,-3.504,0.332,0.217,0.0,0.273,https://i.scdn.co/image/ab67616d00001e026a0b17b302637c4094433f09,True,False
1jVarrWzkKnfQVI67E7WTT,Textbook Stuff (feat. Kendrick Lamar),XV,Zero Heroes,2022-04-15,True,247428,0,0.531,0.855,0.253,173.872,-7.635,0.342,0.0635,0.0,0.122,https://i.scdn.co/image/ab67616d00001e023f86c9e8c6a392efdddc212b,True,False
6ElQRz1lyOxDnrKFa61QV0,RapperPooh-a-lude (feat. Kendrick Lamar),Rapper Big Pooh,FatBoyFresh Vol. 1: For Members Only,2011-04-05,True,255895,19,0.742,0.544,0.204,91.042,-10.727,0.539,0.0673,0.0,0.0764,https://i.scdn.co/image/ab67616d00001e02c35ac0a72c1e4f1caf29fae1,True,False
1E3aKOxdp5Qu5WtrdWaGbF,Up Against The Wall (feat. Roc Marci & Kendrick Lamar),Consequence,Movies on Demand 2,2011-07-29,False,275265,41,0.513,0.915,0.727,80.815,-5.528,0.295,0.318,0.0,0.758,https://i.scdn.co/image/ab67616d00001e02c8200759976d9c2517060494,True,False
2iAPQ5Stbj7CIUThV8Udxq,"Say Wassup (feat. Sc Hoolboy Q, Ab Soul & Kendrick Lamar)",Jay Rock,Follow Me Home,2011-07-26,True,263346,45,0.757,0.771,0.203,77.024,-4.214,0.285,0.047,0.0,0.291,https://i.scdn.co/image/ab67616d00001e02a3304a767980bcc680874c66,True,False
6i6cWTCYBOKEdJnWjzm2yk,Hood Gone Love It (feat. Kendrick Lamar),Jay Rock,Follow Me Home,2011-07-26,True,245466,66,0.636,0.856,0.677,91.81,-3.974,0.312,0.0879,0.0,0.289,https://i.scdn.co/image/ab67616d00001e02a3304a767980bcc680874c66,True,False
6vul391xSdDR66GL0B5I3Y,Constipation (feat. Kendrick Lamar),Black Hippy,Longterm Mentality,2011-04-05,True,206937,27,0.7,0.884,0.639,110.066,-5.764,0.242,0.17,8.2e-06,0.199,https://i.scdn.co/image/ab67616d00001e0231770acc5bf39b3d2875fa64,True,False
6r7TooNgUM1qpUWkzMA0fU,Moscato (feat. Kendrick Lamar),Ab-Soul,Longterm Mentality,2011-04-05,True,279742,34,0.773,0.644,0.582,124.483,-8.782,0.133,0.245,0.0,0.344,https://i.scdn.co/image/ab67616d00001e0231770acc5bf39b3d2875fa64,True,False
7c96ddcW9lnRf2BOcmNUEA,Hell Yeah (feat. Kendrick Lamar),Ab-Soul,Longterm Mentality,2011-04-05,True,256992,21,0.555,0.69,0.305,149.874,-7.987,0.155,0.00477,0.0,0.445,https://i.scdn.co/image/ab67616d00001e0231770acc5bf39b3d2875fa64,True,False
7x9vJE3Xa7mIH106rzO9Tk,Rolling Stone (feat. Kendrick Lamar),Black Hippy,Setbacks,2011-01-11,True,216569,42,0.916,0.472,0.229,117.066,-12.263,0.0712,0.0188,0.0,0.167,https://i.scdn.co/image/ab67616d00001e02b972e856818dbcae8525b545,True,False
6TLSA1Tmw8RQxvAioq6je6,Birds & The Beez (feat. Kendrick Lamar),ScHoolboy Q,Setbacks,2011-01-11,True,260026,46,0.554,0.619,0.281,95.919,-10.628,0.269,0.12,0.0,0.341,https://i.scdn.co/image/ab67616d00001e02b972e856818dbcae8525b545,True,False
1hjOus1mOUJ5lObEg2I077,LigHt Years AHead (Sky HigH) (feat. Kendrick Lamar),ScHoolboy Q,Setbacks,2011-01-11,True,251783,34,0.767,0.631,0.77,163.024,-9.03,0.105,0.000602,0.00618,0.0673,https://i.scdn.co/image/ab67616d00001e02b972e856818dbcae8525b545,True,False
6m49tZii9UUttOgDozxjI1,The City (feat. Kendrick Lamar),The Game,The R.E.D. Album,2011-01-01,True,341453,42,0.574,0.787,0.302,144.474,-4.147,0.398,0.176,0.0,0.0918,https://i.scdn.co/image/ab67616d00001e029694b30f3bf3eb96a95e18da,True,False
1FnWyVYWz8K7zuLvmpUET6,El Campo Freestyle (feat. Kendrick Lamar),Tae Beast,Tae Beast Tape 1,2010-07-01,True,157962,1,0.604,0.947,0.884,80.342,-3.269,0.3,0.427,0.0,0.195,https://i.scdn.co/image/ab67616d00001e02fc26d036937cf2e1760a637d,True,False
6KjVDcQFmUf2zgYxmM8Yps,My People (feat. Kendrick Lamar),Kendrick Lamar,Bastards Of The Party (Original Motion Picture Soundtrack),2011-08-30,True,240933,0,0.647,0.495,0.502,87.426,-7.17,0.342,0.518,0.0,0.281,https://i.scdn.co/image/ab67616d00001e020d4911b818e922bdb61ea16e,True,False
26eqFi54f9O7LJytvbRkje,Jay Rock feat. Kendrick Lamar & Major James,Jay Rock,From Hood Tales to the Cover of XXL,2010-07-20,True,191893,0,0.627,0.647,0.674,88.028,-10.611,0.253,0.513,0.0,0.18,https://i.scdn.co/image/ab67616d00001e029c8fdf3916eaa468c1feebe9,True,False
56emeztyiUrCqYmTV1u6KC,"Nothing Less (feat. Ab Soul, Jay Rock & Kendrick Lamar)",Rapper Big Pooh,Delightful Bars: Apple Turnover Version,2009-03-24,True,285413,0,0.645,0.803,0.436,88.625,-6.058,0.466,0.579,0.0,0.199,https://i.scdn.co/image/ab67616d00001e0233d73425bda93b69c9678ede,True,False
5xhZ7WG9wGpzSVBAoRghqN,Colors (feat. Kendrick Lamar),Jay Rock,We Run L.A.,2010-10-05,True,198582,18,0.556,0.814,0.303,158.419,-6.057,0.447,0.0387,0.0,0.3,https://i.scdn.co/image/ab67616d00001e020a94a64a44c802bb293ae7de,True,False
1ruBhCfqjvnE5CaJggzlsh,The cypha (feat. Kendrick Lamar),The Game,Face of L.A.,2011-06-18,False,529293,11,0.564,0.638,0.749,86.78,-9.969,0.423,0.203,0.0,0.0706,https://i.scdn.co/image/ab67616d00001e02e5229a6865f74393fcad805f,True,False
1h6w4POXM2LfG4ZD4xUfZQ,The Hillbillies (feat. Kendrick Lamar),Baby Keem,The Hillbillies,2023-06-05,True,204800,63,0.798,0.618,0.209,150.031,-5.932,0.192,0.0176,0.0,0.12,https://i.scdn.co/image/ab67616d00001e02c4441140f4483bb1c18fe7ae,True,False
7Bpx2vsWfQFBACRz4h3IqH,family ties (feat. Kendrick Lamar),Baby Keem,The Melodic Blue,2021-08-27,True,252069,66,0.711,0.611,0.144,134.14,-5.453,0.329,0.00575,0.0,0.231,https://i.scdn.co/image/ab67616d00001e02163028c67a1f4a7c0e83a715,True,False
7mVHy2E0yV3oTnV0OR5uMf,The Mantra (feat. Pharrell & Kendrick Lamar),Mike WiLL Made-It,Creed II: The Album,2018-11-14,True,252384,35,0.703,0.706,0.43,154.985,-3.797,0.109,0.268,0.0,0.171,https://i.scdn.co/image/ab67616d00001e02422f9a190a75e8c5482f7455,True,False
